sa_id,year,announced,topic,category,module,scope_tier,is_priority,cve,cwe,affects,git_hashes,svn_revisions,github_commit_urls,diff_available,data_quality,advisory_raw_url,source,upstream_path,note,commit_grade
FreeBSD-SA-15:01,2015,2015-01-14,OpenSSL multiple vulnerabilities,contrib,openssl,lib,Yes,CVE-2014-3571; CVE-2015-0206; CVE-2014-3569; CVE-2014-3572; CVE-2015-0204; CVE-2015-0205; CVE-2014-8275; CVE-2014-3570,,All supported versions of FreeBSD.,94ac8ef8f3b0,276865; 277195; 276864,https://github.com/freebsd/freebsd-src/commit/94ac8ef8f3b0a2d0563cecb30cafe80dee3ea710,,3,https://raw.githubusercontent.com/freebsd/freebsd-doc/main/website/static/security/advisories/FreeBSD-SA-15:01.openssl.asc,,,,medium
FreeBSD-SA-15:02,2015,2015-01-27,SCTP SCTP_SS_VALUE kernel memory corruption and disclosure,core,kmem,kernel,,CVE-2014-8612,,All supported versions of FreeBSD.,a2d70c1b1f6e,277807; 277808,https://github.com/freebsd/freebsd-src/commit/a2d70c1b1f6efee36413d0633aa3915e6c3999d6,,3,https://raw.githubusercontent.com/freebsd/freebsd-doc/main/website/static/security/advisories/FreeBSD-SA-15:02.kmem.asc,,,,
FreeBSD-SA-15:03,2015,2015-01-27,SCTP stream reset vulnerability,core,sctp,kernel,,CVE-2014-8613,,All supported versions of FreeBSD.,a2d70c1b1f6e,277807; 277808,https://github.com/freebsd/freebsd-src/commit/a2d70c1b1f6efee36413d0633aa3915e6c3999d6,,3,https://raw.githubusercontent.com/freebsd/freebsd-doc/main/website/static/security/advisories/FreeBSD-SA-15:03.sctp.asc,,,,
FreeBSD-SA-15:04,2015,2015-02-25; Last revised on 2015-04-07,Integer overflow in IGMP protocol,core,igmp,other,,CVE-2015-1414,,All supported versions of FreeBSD.,,281231; 281233; 281230; 281232,,,2,https://raw.githubusercontent.com/freebsd/freebsd-doc/main/website/static/security/advisories/FreeBSD-SA-15:04.igmp.asc,,,,
FreeBSD-SA-15:06,2015,2015-03-19; Last revised on 2015-03-20.,Multiple OpenSSL vulnerabilities,contrib,openssl,lib,Yes,CVE-2015-0209; CVE-2015-0286; CVE-2015-0287; CVE-2015-0288; CVE-2015-0289; CVE-2015-0293; CVE-2015-0204; CVE-2015-0292,,All supported versions of FreeBSD.,4d7eabc985b2,280274; 280275,https://github.com/freebsd/freebsd-src/commit/4d7eabc985b266b4743bceb9997aedd5828bae14,,3,https://raw.githubusercontent.com/freebsd/freebsd-doc/main/website/static/security/advisories/FreeBSD-SA-15:06.openssl.asc,,,,focused
FreeBSD-SA-15:08,2015,2015-04-07,Insecure default GELI keyfile permissions,core,bsdinstall,tool,Yes,CVE-2015-1415,,FreeBSD 10.1.,,281230; 281232,,,2,https://raw.githubusercontent.com/freebsd/freebsd-doc/main/website/static/security/advisories/FreeBSD-SA-15:08.bsdinstall.asc,,,,
FreeBSD-SA-15:09,2015,2015-04-07,Denial of Service with IPv6 Router Advertisements,core,ipv6,kernel,,CVE-2015-2923,,All supported versions of FreeBSD.,a2e7e7b1c2c0,281231; 281233; 281230; 281232,https://github.com/freebsd/freebsd-src/commit/a2e7e7b1c2c0aace6030144c495c0cab81c1837b,,3,https://raw.githubusercontent.com/freebsd/freebsd-doc/main/website/static/security/advisories/FreeBSD-SA-15:09.ipv6.asc,,,,
FreeBSD-SA-15:10,2015,2015-06-12,Multiple OpenSSL vulnerabilities,contrib,openssl,lib,Yes,CVE-2015-1788; CVE-2015-1789; CVE-2015-1790; CVE-2015-1791; CVE-2015-1792; CVE-2015-4000; CVE-2014-8176,,All supported versions of FreeBSD.,9ab8fb9a4943,284286; 284295; 284285,https://github.com/freebsd/freebsd-src/commit/9ab8fb9a49435f698439f0f08d33444a169626be,,3,https://raw.githubusercontent.com/freebsd/freebsd-doc/main/website/static/security/advisories/FreeBSD-SA-15:10.openssl.asc,,,,medium
FreeBSD-SA-15:12,2015,2015-07-09,OpenSSL alternate chains certificate forgery vulnerability,contrib,openssl,lib,Yes,CVE-2015-1793,,FreeBSD 10.1-STABLE after 2015-06-11 and prior to the,45c1772ea0e3,285330,https://github.com/freebsd/freebsd-src/commit/45c1772ea0e3,,3,https://raw.githubusercontent.com/freebsd/freebsd-doc/main/website/static/security/advisories/FreeBSD-SA-15:12.openssl.asc,,,,focused
FreeBSD-SA-15:13,2015,2015-07-21,Resource exhaustion due to sessions stuck in LAST_ACK state,core,tcp,kernel,,CVE-2015-5358,,All supported versions of FreeBSD.,22eb1d6cac2a,285779; 285780; 285778,https://github.com/freebsd/freebsd-src/commit/22eb1d6cac2a0e1836c1ec05c1f3405b02c43079,,3,https://raw.githubusercontent.com/freebsd/freebsd-doc/main/website/static/security/advisories/FreeBSD-SA-15:13.tcp.asc,,,,
FreeBSD-SA-15:14,2015,2015-07-28,shell injection vulnerability in patch(1),contrib,bsdpatch,tool,Yes,CVE-2015-1416,,FreeBSD 10.x.,,285976; 285978; 285979,,,2,https://raw.githubusercontent.com/freebsd/freebsd-doc/main/website/static/security/advisories/FreeBSD-SA-15:14.bsdpatch.asc,,,,
FreeBSD-SA-15:15,2015,2015-07-28,Resource exhaustion in TCP reassembly,core,tcp,kernel,,CVE-2015-1417,,All supported versions of FreeBSD.,b993ace45610,285977; 285980; 285976; 285979; 285978,https://github.com/freebsd/freebsd-src/commit/b993ace456102e258bb37f92460703e904949f00,,3,https://raw.githubusercontent.com/freebsd/freebsd-doc/main/website/static/security/advisories/FreeBSD-SA-15:15.tcp.asc,,,,
FreeBSD-SA-15:16,2015,"2015-07-28, revised on 2015-07-30",OpenSSH multiple vulnerabilities,contrib,openssh,tool,Yes,CVE-2014-2653; CVE-2015-5600,,All supported versions of FreeBSD.,,286067; 286068; 285977; 285980; 285976; 285979; 285978,,,2,https://raw.githubusercontent.com/freebsd/freebsd-doc/main/website/static/security/advisories/FreeBSD-SA-15:16.openssh.asc,,,,
FreeBSD-SA-15:18,2015,2015-08-05,shell injection vulnerability in patch(1),contrib,bsdpatch,tool,Yes,CVE-2015-1418,,FreeBSD 10.x.,,286348; 286351; 286350,,,2,https://raw.githubusercontent.com/freebsd/freebsd-doc/main/website/static/security/advisories/FreeBSD-SA-15:18.bsdpatch.asc,,,,
FreeBSD-SA-15:19,2015,2015-08-05,routed(8) remote denial of service vulnerability,core,routed,tool,Yes,CVE-2015-5674,,All supported versions of FreeBSD.,6bcc74dfb82b,286349; 286352; 286348; 286351; 286350,https://github.com/freebsd/freebsd-src/commit/6bcc74dfb82b4c42f0a3579284a755aa1a32d77a,,3,https://raw.githubusercontent.com/freebsd/freebsd-doc/main/website/static/security/advisories/FreeBSD-SA-15:19.routed.asc,,,,bundled_multi_module
FreeBSD-SA-15:20,2015,2015-08-18,Multiple integer overflows in expat (libbsdxml) XML parser,contrib,expat,lib,Yes,CVE-2015-1283,,All supported versions of FreeBSD.,eb54d706e4e5,286900; 286902; 286901,https://github.com/freebsd/freebsd-src/commit/eb54d706e4e53793d5b77cc6f3fd46234e689b54,,3,https://raw.githubusercontent.com/freebsd/freebsd-doc/main/website/static/security/advisories/FreeBSD-SA-15:20.expat.asc,,,,focused
FreeBSD-SA-15:21,2015,2015-08-25,Local privilege escalation in IRET handler,core,amd64,kernel,,CVE-2015-5675,,FreeBSD 9.3 and FreeBSD 10.1,2558ef53a140,280877; 287147; 280875; 287146,https://github.com/freebsd/freebsd-src/commit/2558ef53a140a2a8c43348bd9356347b8a6b60ba,,3,https://raw.githubusercontent.com/freebsd/freebsd-doc/main/website/static/security/advisories/FreeBSD-SA-15:21.amd64.asc,,,,
FreeBSD-SA-15:22,2015,2015-08-25,OpenSSH multiple vulnerabilities,contrib,openssh,tool,Yes,,,All supported versions of FreeBSD.,2157c4cb8772,287144; 287147; 287146; 287145,https://github.com/freebsd/freebsd-src/commit/2157c4cb8772a7adedb016718bbd516462407b01,,2,https://raw.githubusercontent.com/freebsd/freebsd-doc/main/website/static/security/advisories/FreeBSD-SA-15:22.openssh.asc,,,,
FreeBSD-SA-15:24,2015,"2015-09-29, revised on 2015-10-02",rpcbind(8) remote denial of service [REVISED],core,rpcbind,tool,Yes,CVE-2015-7236,,All supported versions of FreeBSD.,2757faf97179,288511; 288512,https://github.com/freebsd/freebsd-src/commit/2757faf97179806db8cd93efd546fabd73ed4cd1,,3,https://raw.githubusercontent.com/freebsd/freebsd-doc/main/website/static/security/advisories/FreeBSD-SA-15:24.rpcbind.asc,,,,focused
FreeBSD-SA-15:26,2015,2015-12-05,Multiple OpenSSL vulnerabilities,contrib,openssl,lib,Yes,CVE-2015-3194; CVE-2015-3195; CVE-2015-3196,,All supported versions of FreeBSD.,c800785d3a41,291722; 291854; 291721,https://github.com/freebsd/freebsd-src/commit/c800785d3a41149c2ee3644464d9436cca9c1b7d,,3,https://raw.githubusercontent.com/freebsd/freebsd-doc/main/website/static/security/advisories/FreeBSD-SA-15:26.openssl.asc,,,,focused
FreeBSD-SA-16:01,2016,2016-01-14,SCTP ICMPv6 error message vulnerability,core,sctp,kernel,,CVE-2016-1879,,All supported versions of FreeBSD,,293898; 293896; 293897; 293894; 293893,,,2,https://raw.githubusercontent.com/freebsd/freebsd-doc/main/website/static/security/advisories/FreeBSD-SA-16:01.sctp.asc,,,,
FreeBSD-SA-16:03,2016,2016-01-14,Linux compatibility layer incorrect futex handling,core,linux,kernel,,CVE-2016-1880,,All supported versions of FreeBSD.,,293898; 293896; 293897; 293894; 293893,,,2,https://raw.githubusercontent.com/freebsd/freebsd-doc/main/website/static/security/advisories/FreeBSD-SA-16:03.linux.asc,,,,
FreeBSD-SA-16:04,2016,2016-01-14,Linux compatibility layer setgroups(2) system call,core,linux,kernel,,CVE-2016-1881,,All supported versions of FreeBSD,,293898; 293896; 293897; 293894; 293893,,,2,https://raw.githubusercontent.com/freebsd/freebsd-doc/main/website/static/security/advisories/FreeBSD-SA-16:04.linux.asc,,,,
FreeBSD-SA-16:05,2016,2016-01-14,TCP MD5 signature denial of service,core,tcp,kernel,,CVE-2016-1882,,All supported versions of FreeBSD.,,293898; 293896; 293897; 293894; 293893,,,2,https://raw.githubusercontent.com/freebsd/freebsd-doc/main/website/static/security/advisories/FreeBSD-SA-16:05.tcp.asc,,,,
FreeBSD-SA-16:06,2016,2016-01-14,Insecure default snmpd.config permissions,contrib,bsnmpd,tool,Yes,CVE-2015-5677,,All supported versions of FreeBSD.,,293898; 293896; 293897; 293894; 293893,,,2,https://raw.githubusercontent.com/freebsd/freebsd-doc/main/website/static/security/advisories/FreeBSD-SA-16:06.bsnmpd.asc,,,,
FreeBSD-SA-16:07,2016,2016-01-14,OpenSSH client information leak,contrib,openssh,tool,Yes,CVE-2016-0777,,All supported versions of FreeBSD.,af0b9f210191,294053; 294054; 294049; 294051; 294052,https://github.com/freebsd/freebsd-src/commit/af0b9f2101915335df91093d000f4faa8c45a05c,,3,https://raw.githubusercontent.com/freebsd/freebsd-doc/main/website/static/security/advisories/FreeBSD-SA-16:07.openssh.asc,,,,focused
FreeBSD-SA-16:10,2016,2016-01-27,Linux compatibility layer issetugid(2) system call,core,linux,kernel,,CVE-2016-1883,,All supported versions of FreeBSD.,14882d9c7a69,294903; 294905; 294901; 294904,https://github.com/freebsd/freebsd-src/commit/14882d9c7a69a58cf996890a7d06417840fa0618,,3,https://raw.githubusercontent.com/freebsd/freebsd-doc/main/website/static/security/advisories/FreeBSD-SA-16:10.linux.asc,,,,
FreeBSD-SA-16:11,2016,2016-01-30,OpenSSL SSLv2 ciphersuite downgrade vulnerability,contrib,openssl,lib,Yes,CVE-2015-3197,,All supported versions of FreeBSD.,76061d993c05,295060; 295061; 295016,https://github.com/freebsd/freebsd-src/commit/76061d993c05ba35f39d4f5083419629aee1b57c,,3,https://raw.githubusercontent.com/freebsd/freebsd-doc/main/website/static/security/advisories/FreeBSD-SA-16:11.openssl.asc,,,,focused
FreeBSD-SA-16:12,2016,2016-03-10,Multiple OpenSSL vulnerabilities,contrib,openssl,lib,Yes,CVE-2016-0702; CVE-2016-0703; CVE-2016-0704; CVE-2016-0705; CVE-2016-0797; CVE-2016-0798; CVE-2016-0799; CVE-2016-0800,,All supported versions of FreeBSD.,2aab9f2e02bf,296598; 296611; 296371; 296341,https://github.com/freebsd/freebsd-src/commit/2aab9f2e02bfc1930b0c9f7704bee21c4f910a4b,,3,https://raw.githubusercontent.com/freebsd/freebsd-doc/main/website/static/security/advisories/FreeBSD-SA-16:12.openssl.asc,,,,medium
FreeBSD-SA-16:14,2016,2016-03-16,OpenSSH xauth(1) command injection,contrib,openssh,tool,Yes,CVE-2016-3115,,All supported versions of FreeBSD.,c2d52282768a,296780; 296953; 296781; 296954; 296955; 296853,https://github.com/freebsd/freebsd-src/commit/c2d52282768af9a11735b27ed3bc9e8f2e850783,,3,https://raw.githubusercontent.com/freebsd/freebsd-doc/main/website/static/security/advisories/FreeBSD-SA-16:14.openssh.asc,,,,bundled_multi_module
FreeBSD-SA-16:15,2016,2016-10-25,Incorrect argument validation in sysarch(2),core,sysarch,kernel,,CVE-2016-1885,,All supported versions of FreeBSD.,49aa3474675b,307941; 307931; 307940; 307932; 307933; 307934; 307938; 307935,https://github.com/freebsd/freebsd-src/commit/49aa3474675b76102b0651c4f0403645faad0c0f,,3,https://raw.githubusercontent.com/freebsd/freebsd-doc/main/website/static/security/advisories/FreeBSD-SA-16:15.sysarch.asc,,,,
FreeBSD-SA-16:17,2016,2016-05-04,Multiple OpenSSL vulnerabilities,contrib,openssl,lib,Yes,CVE-2016-2105; CVE-2016-2106; CVE-2016-2107; CVE-2016-2109; CVE-2016-2176,,All supported versions of FreeBSD.,2ae99e0d7b3c,299053; 299068; 298999; 299067; 299066,https://github.com/freebsd/freebsd-src/commit/2ae99e0d7b3c82d8e7c80a5c7bb416f8fb495e46,,3,https://raw.githubusercontent.com/freebsd/freebsd-doc/main/website/static/security/advisories/FreeBSD-SA-16:17.openssl.asc,,,,medium
FreeBSD-SA-16:18,2016,2016-05-17,Buffer overflow in keyboard driver,core,atkbd,kernel,,CVE-2016-1886,,All supported versions of FreeBSD.,,300093; 300088; 300091; 300085; 300086; 300087,,,2,https://raw.githubusercontent.com/freebsd/freebsd-doc/main/website/static/security/advisories/FreeBSD-SA-16:18.atkbd.asc,,,,
FreeBSD-SA-16:19,2016,2016-05-17,Incorrect argument handling in sendmsg(2),core,sendmsg,kernel,,CVE-2016-1887,,FreeBSD 10.x,9e3c39ad2440,300092; 300085; 300086; 300087,https://github.com/freebsd/freebsd-src/commit/9e3c39ad2440fc094fcee685bf3acb58adf8d40b,,3,https://raw.githubusercontent.com/freebsd/freebsd-doc/main/website/static/security/advisories/FreeBSD-SA-16:19.sendmsg.asc,,,,
FreeBSD-SA-16:20,2016,2016-05-31,Kernel stack disclosure in Linux compatibility layer,core,linux,kernel,,,,All supported versions of FreeBSD.,bb678412ec7f,301055; 301049; 301054; 301050; 301051; 301052,https://github.com/freebsd/freebsd-src/commit/bb678412ec7f95a4f38069951f8d204bcf22a326,,2,https://raw.githubusercontent.com/freebsd/freebsd-doc/main/website/static/security/advisories/FreeBSD-SA-16:20.linux.asc,,,,
FreeBSD-SA-16:21,2016,2016-05-31,Kernel stack disclosure in 4.3BSD compatibility layer,core,43bsd,kernel,,,,All supported versions of FreeBSD.,,301055; 301049; 301054; 301050; 301051; 301052,,,1,https://raw.githubusercontent.com/freebsd/freebsd-doc/main/website/static/security/advisories/FreeBSD-SA-16:21.43bsd.asc,,,,
FreeBSD-SA-16:22,2016,2016-05-31,Directory traversal in cpio(1),contrib,libarchive,lib,Yes,CVE-2015-2304,,All supported versions of FreeBSD,fa7060398ff5,300363; 301044; 300361; 301046; 301047; 301048,https://github.com/freebsd/freebsd-src/commit/fa7060398ff506e875ac10a029f576f313ac4438,,3,https://raw.githubusercontent.com/freebsd/freebsd-doc/main/website/static/security/advisories/FreeBSD-SA-16:22.libarchive.asc,,,,focused
FreeBSD-SA-16:23,2016,2016-05-31,Buffer overflow in libarchive(3),contrib,libarchive,lib,Yes,CVE-2013-0211,,FreeBSD 9.3,fa7060398ff5,300363; 301044,https://github.com/freebsd/freebsd-src/commit/fa7060398ff506e875ac10a029f576f313ac4438,,3,https://raw.githubusercontent.com/freebsd/freebsd-doc/main/website/static/security/advisories/FreeBSD-SA-16:23.libarchive.asc,,,,focused
FreeBSD-SA-16:25,2016,2016-07-25,Heap vulnerability in bspatch,core,bspatch,tool,Yes,CVE-2014-9862,,All supported versions of FreeBSD.,b02c62a3c7d1,303301; 303304; 303300,https://github.com/freebsd/freebsd-src/commit/b02c62a3c7d1f97d30d17c9a21bcbdbf49124b0f,,3,https://raw.githubusercontent.com/freebsd/freebsd-doc/main/website/static/security/advisories/FreeBSD-SA-16:25.bspatch.asc,,,,focused
FreeBSD-SA-16:26,2016,2016-09-23; revised on 2016-09-26,Multiple OpenSSL vulnerabilities,contrib,openssl,lib,Yes,CVE-2016-2177; CVE-2016-2178; CVE-2016-2179; CVE-2016-2180; CVE-2016-2181; CVE-2016-2182; CVE-2016-6302; CVE-2016-6303; CVE-2016-6304; CVE-2016-6306,,All supported versions of FreeBSD.,6107c6581a0c,306335; 306336; 306196; 306195; 306198,https://github.com/freebsd/freebsd-src/commit/6107c6581a0c4f2dcc21288dd2bbde22c4909d85,,3,https://raw.githubusercontent.com/freebsd/freebsd-doc/main/website/static/security/advisories/FreeBSD-SA-16:26.openssl.asc,,,,focused
FreeBSD-SA-16:27,2016,2016-10-10,Regression in OpenSSL suite,contrib,openssl,lib,Yes,CVE-2016-7052,,FreeBSD 11.0,aacbc7b7e58e,306343; 306354,https://github.com/freebsd/freebsd-src/commit/aacbc7b7e58e829b232f64f5d0faf0899eedd561,,3,https://raw.githubusercontent.com/freebsd/freebsd-doc/main/website/static/security/advisories/FreeBSD-SA-16:27.openssl.asc,,,,focused
FreeBSD-SA-16:29,2016,2016-10-10,Heap overflow vulnerability in bspatch,core,bspatch,tool,Yes,,,All supported versions of FreeBSD.,,306222; 306942; 306215; 306941; 306213; 306379,,,1,https://raw.githubusercontent.com/freebsd/freebsd-doc/main/website/static/security/advisories/FreeBSD-SA-16:29.bspatch.asc,,,,
FreeBSD-SA-16:30,2016,2016-10-10,Multiple portsnap vulnerabilities,core,portsnap,tool,Yes,,,All supported versions of FreeBSD.,336408d8fb86,306701; 306942; 306697; 306941; 306418; 306419,https://github.com/freebsd/freebsd-src/commit/336408d8fb8655e374326771dcd3211744216900,,2,https://raw.githubusercontent.com/freebsd/freebsd-doc/main/website/static/security/advisories/FreeBSD-SA-16:30.portsnap.asc,,,,
FreeBSD-SA-16:31,2016,2016-10-05,Multiple libarchive vulnerabilities,core,libarchive,lib,Yes,,,All supported versions of FreeBSD.,2a6370e2e8dd,306322; 306941; 306321; 306379,https://github.com/freebsd/freebsd-src/commit/2a6370e2e8ddc5a928c1201c7b21fa3265801bee,,2,https://raw.githubusercontent.com/freebsd/freebsd-doc/main/website/static/security/advisories/FreeBSD-SA-16:31.libarchive.asc,,,,
FreeBSD-SA-16:32,2016,2016-10-25,bhyve - privilege escalation vulnerability,core,bhyve,kernel,,,,FreeBSD 11.0 amd64,,307939; 307935,,,1,https://raw.githubusercontent.com/freebsd/freebsd-doc/main/website/static/security/advisories/FreeBSD-SA-16:32.bhyve.asc,,,,
FreeBSD-SA-16:33,2016,2016-11-02,OpenSSH Remote Denial of Service vulnerability,contrib,openssh,tool,Yes,CVE-2016-8858,,All supported versions of FreeBSD.,b51484f94950,308199; 308203; 308198; 308202,https://github.com/freebsd/freebsd-src/commit/b51484f9495099ad6fbeb0b4f77b1d4215963260,,3,https://raw.githubusercontent.com/freebsd/freebsd-doc/main/website/static/security/advisories/FreeBSD-SA-16:33.openssh.asc,,,,focused
FreeBSD-SA-16:35,2016,2016-11-02,OpenSSL Remote DoS vulnerability,contrib,openssl,lib,Yes,CVE-2016-8610,,FreeBSD 9.x and FreeBSD 10.x.,400bd32458cc,308200; 308205; 308204; 308203,https://github.com/freebsd/freebsd-src/commit/400bd32458ccb4c1f3958134acee1e0082171446,,3,https://raw.githubusercontent.com/freebsd/freebsd-doc/main/website/static/security/advisories/FreeBSD-SA-16:35.openssl.asc,,,,focused
FreeBSD-SA-16:36,2016,2016-12-06,Possible login(1) argument injection in telnetd(8),core,telnetd,tool,Yes,CVE-2016-1888,,All supported versions of FreeBSD.,35b582285dab,309643; 309637; 309642; 309636; 309635; 309634; 309641; 309633,https://github.com/freebsd/freebsd-src/commit/35b582285dabe095d850552eafdafad41f265678,,3,https://raw.githubusercontent.com/freebsd/freebsd-doc/main/website/static/security/advisories/FreeBSD-SA-16:36.telnetd.asc,,,,focused
FreeBSD-SA-16:37,2016,"2016-12-06, revised on 2016-12-08",link_ntoa(3) buffer overflow,core,libc,lib,Yes,CVE-2016-6559,,All supported versions of FreeBSD.,e2069a8d2aad,309691; 309697; 309690; 309696; 309694; 309693; 309689; 309692,https://github.com/freebsd/freebsd-src/commit/e2069a8d2aadeb09d7da2796782a36f5ce229a52,,3,https://raw.githubusercontent.com/freebsd/freebsd-doc/main/website/static/security/advisories/FreeBSD-SA-16:37.libc.asc,,,,focused
FreeBSD-SA-16:38,2016,2016-12-06,bhyve(8) virtual machine escape,core,bhyve,lib,Yes,CVE-2016-1889,,"FreeBSD 10.x, FreeBSD 11.0",186c15aa09b4,309648; 309636; 309635; 309634; 309647; 309633,https://github.com/freebsd/freebsd-src/commit/186c15aa09b47de103d8cea9ef2a2b1b426ea99d,,3,https://raw.githubusercontent.com/freebsd/freebsd-doc/main/website/static/security/advisories/FreeBSD-SA-16:38.bhyve.asc,,,,focused
FreeBSD-SA-17:01,2017,2017-01-11,OpenSSH multiple vulnerabilities,contrib,openssh,tool,Yes,CVE-2016-10009; CVE-2016-10010,,All supported versions of FreeBSD.,b24c303d3028,311915; 311916,https://github.com/freebsd/freebsd-src/commit/b24c303d3028aa8a288a317e00544dcbc4f4c641,,3,https://raw.githubusercontent.com/freebsd/freebsd-doc/main/website/static/security/advisories/FreeBSD-SA-17:01.openssh.asc,,,,focused
FreeBSD-SA-17:02,2017,2017-02-23,OpenSSL multiple vulnerabilities,contrib,openssl,lib,Yes,CVE-2016-7055; CVE-2017-3731; CVE-2017-3732,,All supported versions of FreeBSD.,c612d5e6c5ad,312863; 314125; 312826; 314126,https://github.com/freebsd/freebsd-src/commit/c612d5e6c5ad019c1a142e43e9ab4c6359d1ef84,,3,https://raw.githubusercontent.com/freebsd/freebsd-doc/main/website/static/security/advisories/FreeBSD-SA-17:02.openssl.asc,,,,large_concentrated
FreeBSD-SA-17:04,2017,2017-04-27,ipfilter(4) fragment handling panic,contrib,ipfilter,kernel,,CVE-2017-1081,,All supported versions of FreeBSD.,8d9fb88b2447,317241; 317487,https://github.com/freebsd/freebsd-src/commit/8d9fb88b24470a1789dceec40096fa3ce7638c14,,3,https://raw.githubusercontent.com/freebsd/freebsd-doc/main/website/static/security/advisories/FreeBSD-SA-17:04.ipfilter.asc,,,,
FreeBSD-SA-17:06,2017,2017-08-10,OpenSSH Denial of Service vulnerability,contrib,openssh,tool,Yes,CVE-2016-6515,,All supported versions of FreeBSD.,d4649e920a1d,322341; 322344; 322343; 322342,https://github.com/freebsd/freebsd-src/commit/d4649e920a1dc5448f530e327408a351ccc2ccce,,3,https://raw.githubusercontent.com/freebsd/freebsd-doc/main/website/static/security/advisories/FreeBSD-SA-17:06.openssh.asc,,,,focused
FreeBSD-SA-17:07,2017,2017-10-16,WPA2 protocol vulnerability,contrib,wpa,kernel,,CVE-2017-13077; CVE-2017-13078; CVE-2017-13079; CVE-2017-13080; CVE-2017-13081; CVE-2017-13082; CVE-2017-13086; CVE-2017-13087; CVE-2017-13088,,All supported versions of FreeBSD.,cfaed0fa41d7,324697; 324698; 324699; 324739; 324740; 324741,https://github.com/freebsd/freebsd-src/commit/cfaed0fa41d7ac3151bcdd1b6450d84fc8451e11,,3,https://raw.githubusercontent.com/freebsd/freebsd-doc/main/website/static/security/advisories/FreeBSD-SA-17:07.wpa.asc,,,,
FreeBSD-SA-17:08,2017,2017-11-15,Kernel data leak via ptrace(PT_LWPINFO),core,ptrace,kernel,,CVE-2017-1086,,All supported versions of FreeBSD.,799a19dd010b,325643; 325871; 325870; 325642; 325869; 325868,https://github.com/freebsd/freebsd-src/commit/799a19dd010b834001e7496b64543f17953caaff,,3,https://raw.githubusercontent.com/freebsd/freebsd-doc/main/website/static/security/advisories/FreeBSD-SA-17:08.ptrace.asc,,,,
FreeBSD-SA-17:09,2017,2017-11-15,POSIX shm allows jails to access global namespace,core,shm,kernel,,CVE-2017-1087,,FreeBSD 10.x,e645cd9871b0,325783; 325873; 325874,https://github.com/freebsd/freebsd-src/commit/e645cd9871b0a96a5b89a90106acf8e9e3cd6dd2,,3,https://raw.githubusercontent.com/freebsd/freebsd-doc/main/website/static/security/advisories/FreeBSD-SA-17:09.shm.asc,,,,
FreeBSD-SA-17:10,2017,2017-11-15,Information leak in kldstat(2),core,kldstat,kernel,,CVE-2017-1088,,All supported versions of FreeBSD.,803389a3c503,325867; 325878; 325877; 325866; 325876; 325875,https://github.com/freebsd/freebsd-src/commit/803389a3c50376ab093341baa32b29fd94d31720,,3,https://raw.githubusercontent.com/freebsd/freebsd-doc/main/website/static/security/advisories/FreeBSD-SA-17:10.kldstat.asc,,,,
FreeBSD-SA-17:11,2017,2017-11-29,OpenSSL multiple vulnerabilities,contrib,openssl,lib,Yes,CVE-2017-3735; CVE-2017-3736,,All supported versions of FreeBSD.,a6c99a40328a,326357; 326359; 325337; 326358,https://github.com/freebsd/freebsd-src/commit/a6c99a40328a373952c7676be0b8ef916f0923c9,,3,https://raw.githubusercontent.com/freebsd/freebsd-doc/main/website/static/security/advisories/FreeBSD-SA-17:11.openssl.asc,,,,focused
FreeBSD-SA-17:12,2017,2017-12-09,OpenSSL multiple vulnerabilities,contrib,openssl,lib,Yes,CVE-2017-3737; CVE-2017-3738; CVE-2016-0701,,All supported versions of FreeBSD.,b79493272a47,326721; 326723; 326663; 326722,https://github.com/freebsd/freebsd-src/commit/b79493272a47bc9c98501c4c03deaf8c0d983287,,3,https://raw.githubusercontent.com/freebsd/freebsd-doc/main/website/static/security/advisories/FreeBSD-SA-17:12.openssl.asc,,,,focused
FreeBSD-SA-18:01,2018,2018-03-07,ipsec validation and use-after-free,core,ipsec,kernel,,CVE-2018-6916,,All supported versions of FreeBSD.,ebdab566341a,330609; 330611; 329907; 330566,https://github.com/freebsd/freebsd-src/commit/ebdab566341adf7edaec28bed58bd211882be1a3,,3,https://raw.githubusercontent.com/freebsd/freebsd-doc/main/website/static/security/advisories/FreeBSD-SA-18:01.ipsec.asc,,,,
FreeBSD-SA-18:04,2018,2018-04-04,vt console memory disclosure,core,vt,kernel,,CVE-2018-6917,,All supported versions of FreeBSD.,04dd2e2b5c1d,331983; 331984; 331982,https://github.com/freebsd/freebsd-src/commit/04dd2e2b5c1df77999a18b1674f49113752bfdf7,,3,https://raw.githubusercontent.com/freebsd/freebsd-doc/main/website/static/security/advisories/FreeBSD-SA-18:04.vt.asc,,,,
FreeBSD-SA-18:05,2018,2018-04-04,ipsec crash or denial of service,core,ipsec,kernel,,CVE-2018-6918,,All supported versions of FreeBSD.,6231fe94c9af,328621; 331985; 328620,https://github.com/freebsd/freebsd-src/commit/6231fe94c9afbc091f40ae541977be26b9ef7e06,,3,https://raw.githubusercontent.com/freebsd/freebsd-doc/main/website/static/security/advisories/FreeBSD-SA-18:05.ipsec.asc,,,,
FreeBSD-SA-18:06,2018,2018-05-08,Mishandling of x86 debug exceptions,core,debugreg,kernel,,CVE-2018-8897,,All supported versions of FreeBSD.,656ca4cb63d1,333370; 333371; 333369,https://github.com/freebsd/freebsd-src/commit/656ca4cb63d1a6617aed35e67db453542f06b7b2,,3,https://raw.githubusercontent.com/freebsd/freebsd-doc/main/website/static/security/advisories/FreeBSD-SA-18:06.debugreg.asc,,,,
FreeBSD-SA-18:08,2018,2018-08-06,Resource exhaustion in TCP reassembly,core,tcp,kernel,,CVE-2018-6922,,All supported versions of FreeBSD.,600f1373a2b4,337392; 337832; 337391; 337828,https://github.com/freebsd/freebsd-src/commit/600f1373a2b45ce65155944f15ff942d59e26efc,,3,https://raw.githubusercontent.com/freebsd/freebsd-doc/main/website/static/security/advisories/FreeBSD-SA-18:08.tcp.asc,,,,
FreeBSD-SA-18:10,2018,2018-08-14,Resource exhaustion in IP fragment reassembly,core,ip,kernel,,CVE-2018-6923,,All supported versions of FreeBSD.,deee6872d9cb,337804; 337828,https://github.com/freebsd/freebsd-src/commit/deee6872d9cb5ff90c1a758bdc8ddc5af999bfce,,3,https://raw.githubusercontent.com/freebsd/freebsd-doc/main/website/static/security/advisories/FreeBSD-SA-18:10.ip.asc,,,,
FreeBSD-SA-18:12,2018,2018-09-12,Improper ELF header parsing,core,elf,kernel,,CVE-2018-6924,,All supported versions of FreeBSD.,cf3ba93ef2e9,338605; 338606; 338604,https://github.com/freebsd/freebsd-src/commit/cf3ba93ef2e99ac2155e698c22020f1d27e04566,,3,https://raw.githubusercontent.com/freebsd/freebsd-doc/main/website/static/security/advisories/FreeBSD-SA-18:12.elf.asc,,,,
FreeBSD-SA-18:13,2018,2018-11-27,Multiple vulnerabilities in NFS server code,core,nfs,kernel,,CVE-2018-17157; CVE-2018-17158; CVE-2018-17159,,All supported versions of FreeBSD.,795132c5e923,340854; 341088,https://github.com/freebsd/freebsd-src/commit/795132c5e923c903dab61e4f51750c0f11969757,,3,https://raw.githubusercontent.com/freebsd/freebsd-doc/main/website/static/security/advisories/FreeBSD-SA-18:13.nfs.asc,,,,
FreeBSD-SA-18:14,2018,2018-12-04,Insufficient bounds checking in bhyve(8) device model,core,bhyve,tool,Yes,CVE-2018-17160,,All supported versions of FreeBSD.,28e817d86beb,341486; 341488,https://github.com/freebsd/freebsd-src/commit/28e817d86beb17c1dfc256749d91eabc40670c89,,3,https://raw.githubusercontent.com/freebsd/freebsd-doc/main/website/static/security/advisories/FreeBSD-SA-18:14.bhyve.asc,,,,focused
FreeBSD-SA-18:15,2018,2018-12-19,bootpd buffer overflow,core,bootpd,tool,Yes,CVE-2018-17161,,All supported versions of FreeBSD.,e848f793a385,342228; 342230; 348229; 342231,https://github.com/freebsd/freebsd-src/commit/e848f793a3853cf43926046c8be339703c79833e,,3,https://raw.githubusercontent.com/freebsd/freebsd-doc/main/website/static/security/advisories/FreeBSD-SA-18:15.bootpd.asc,,,,focused
FreeBSD-SA-19:01,2019,2019-02-05,System call kernel data register leak,core,syscall,kernel,,CVE-2019-5595,,All supported versions of FreeBSD.,474fa6d4f037,343781; 343788; 343782; 343789,https://github.com/freebsd/freebsd-src/commit/474fa6d4f037877b112f3f8651f50dd24fd76957,,3,https://raw.githubusercontent.com/freebsd/freebsd-doc/main/website/static/security/advisories/FreeBSD-SA-19:01.syscall.asc,,,,
FreeBSD-SA-19:02,2019,2019-02-05,File description reference count leak,core,fd,kernel,,CVE-2019-5596,,FreeBSD 12.0,99f9f36c3dfa,343785; 343790; 343786,https://github.com/freebsd/freebsd-src/commit/99f9f36c3dfa16e76ecf2e82fab205cf3db4c868,,3,https://raw.githubusercontent.com/freebsd/freebsd-doc/main/website/static/security/advisories/FreeBSD-SA-19:02.fd.asc,,,,
FreeBSD-SA-19:03,2019,2019-05-14,Multiple vulnerabilities in hostapd and wpa_supplicant,contrib,wpa,kernel,,CVE-2019-9494; CVE-2019-9495; CVE-2019-9496; CVE-2019-9497; CVE-2019-9498; CVE-2019-9499; CVE-2019-11555,,All supported versions of FreeBSD.,5f5f5d2ca9a8,346980; 347587; 346981; 347588,https://github.com/freebsd/freebsd-src/commit/5f5f5d2ca9a8d4befdfef30058a06da72f128855,,3,https://raw.githubusercontent.com/freebsd/freebsd-doc/main/website/static/security/advisories/FreeBSD-SA-19:03.wpa.asc,,,,
FreeBSD-SA-19:05,2019,2019-05-14,IPv6 fragment reassembly panic in pf(4),contrib,pf,kernel,,CVE-2019-5597,,All supported versions of FreeBSD,972ab8eaf4be,344706; 347591; 344707,https://github.com/freebsd/freebsd-src/commit/972ab8eaf4be3a05d71346f38eb7c3e04199d5bc,,3,https://raw.githubusercontent.com/freebsd/freebsd-doc/main/website/static/security/advisories/FreeBSD-SA-19:05.pf.asc,,,,
FreeBSD-SA-19:06,2019,2019-05-14,ICMP/ICMP6 packet filter bypass in pf,contrib,pf,kernel,,CVE-2019-5598,,All supported versions of FreeBSD,018b3394cde4,345377; 347593; 345378,https://github.com/freebsd/freebsd-src/commit/018b3394cde4ee8355b56e9ed1d351521010ffb5,,3,https://raw.githubusercontent.com/freebsd/freebsd-doc/main/website/static/security/advisories/FreeBSD-SA-19:06.pf.asc,,,,
FreeBSD-SA-19:08,2019,2019-06-19,Resource exhaustion in non-default RACK TCP stack,core,rack,kernel,,CVE-2019-5599,,FreeBSD 12.0 and later,045f5212d454,349197; 349199,https://github.com/freebsd/freebsd-src/commit/045f5212d454bd5aafe303be04e48bb90b8f3457,,3,https://raw.githubusercontent.com/freebsd/freebsd-doc/main/website/static/security/advisories/FreeBSD-SA-19:08.rack.asc,,,,
FreeBSD-SA-19:09,2019,2019-07-02,iconv buffer overflow,core,iconv,lib,Yes,CVE-2019-5600,,All supported versions of FreeBSD.,3130948d4a40,349622; 349621; 349624,https://github.com/freebsd/freebsd-src/commit/3130948d4a40cf702d8c2fef140467b484ee0715,,3,https://raw.githubusercontent.com/freebsd/freebsd-doc/main/website/static/security/advisories/FreeBSD-SA-19:09.iconv.asc,,,,focused
FreeBSD-SA-19:10,2019,2019-07-02,Kernel stack disclosure in UFS/FFS,core,ufs,kernel,,CVE-2019-5601,,All supported versions of FreeBSD.,395cc3f57b87,347474; 349623; 347475,https://github.com/freebsd/freebsd-src/commit/395cc3f57b8704e40c1a79a15f5a51b3f8e84f4f,,3,https://raw.githubusercontent.com/freebsd/freebsd-doc/main/website/static/security/advisories/FreeBSD-SA-19:10.ufs.asc,,,,
FreeBSD-SA-19:11,2019,2019-07-02,Privilege escalation in cd(4) driver,core,cd_ioctl,kernel,,CVE-2019-5602,,All supported versions of FreeBSD.,c9694cad9466,349628; 349625; 349629,https://github.com/freebsd/freebsd-src/commit/c9694cad94660a17e1ba4d4405b9896e8622a761,,3,https://raw.githubusercontent.com/freebsd/freebsd-doc/main/website/static/security/advisories/FreeBSD-SA-19:11.cd_ioctl.asc,,,,
FreeBSD-SA-19:12,2019,2019-07-24,telnet(1) client multiple vulnerabilities,contrib,telnet,tool,Yes,CVE-2019-0053,,All supported versions of FreeBSD.,be12ff6b8f37,350139; 350281; 350140,https://github.com/freebsd/freebsd-src/commit/be12ff6b8f37384a09854d2d56cadb41114a7cd7,,3,https://raw.githubusercontent.com/freebsd/freebsd-doc/main/website/static/security/advisories/FreeBSD-SA-19:12.telnet.asc,,,,focused
FreeBSD-SA-19:13,2019,2019-07-24,pts(4) write-after-free,core,pts,kernel,,CVE-2019-5606,,All supported versions of FreeBSD.,4260e8800ef8,349805; 350282; 349806,https://github.com/freebsd/freebsd-src/commit/4260e8800ef89969269919ba133c99b29b7dab61,,3,https://raw.githubusercontent.com/freebsd/freebsd-doc/main/website/static/security/advisories/FreeBSD-SA-19:13.pts.asc,,,,
FreeBSD-SA-19:14,2019,2019-07-24,Kernel memory disclosure in freebsd32_ioctl,core,freebsd32,kernel,,CVE-2019-5605,,FreeBSD 11.2 and FreeBSD 11.3,47d93ad3e37c,350217; 350283,https://github.com/freebsd/freebsd-src/commit/47d93ad3e37ca890e670009d4c5da5f7d223f85d,,3,https://raw.githubusercontent.com/freebsd/freebsd-doc/main/website/static/security/advisories/FreeBSD-SA-19:14.freebsd32.asc,,,,
FreeBSD-SA-19:15,2019,2019-07-24,Reference count overflow in mqueue filesystem,core,mqueuefs,kernel,,CVE-2019-5603,,All supported versions of FreeBSD.,f24f0dc9a19c,350261; 350284; 350263,https://github.com/freebsd/freebsd-src/commit/f24f0dc9a19c5048db9fe401b79ed3762090663b,,3,https://raw.githubusercontent.com/freebsd/freebsd-doc/main/website/static/security/advisories/FreeBSD-SA-19:15.mqueuefs.asc,,,,
FreeBSD-SA-19:16,2019,2019-07-24,Bhyve out-of-bounds read in XHCI device,core,bhyve,tool,Yes,CVE-2019-5604,,All supported versions of FreeBSD.,76e7c1980e78,350246; 350285; 350247,https://github.com/freebsd/freebsd-src/commit/76e7c1980e78c74b0c2b3b1e83036d88a10878ad,,3,https://raw.githubusercontent.com/freebsd/freebsd-doc/main/website/static/security/advisories/FreeBSD-SA-19:16.bhyve.asc,,,,focused
FreeBSD-SA-19:17,2019,2019-07-24,File description reference count leak,core,fd,kernel,,CVE-2019-5607,,All supported versions of FreeBSD.,dcb546862747,350222; 350286; 350223,https://github.com/freebsd/freebsd-src/commit/dcb5468627473457cbefcaccf26f08d438a4b3e4,,3,https://raw.githubusercontent.com/freebsd/freebsd-doc/main/website/static/security/advisories/FreeBSD-SA-19:17.fd.asc,,,,
FreeBSD-SA-19:18,2019,2019-08-06,Multiple vulnerabilities in bzip2,contrib,bzip2,lib,Yes,CVE-2016-3189; CVE-2019-12900,,All supported versions of FreeBSD.,12a4559aa3e5,349717; 350643; 349718,https://github.com/freebsd/freebsd-src/commit/12a4559aa3e5cb247f2c3bbf9250bbab63aeabc5,,3,https://raw.githubusercontent.com/freebsd/freebsd-doc/main/website/static/security/advisories/FreeBSD-SA-19:18.bzip2.asc,,,,focused
FreeBSD-SA-19:19,2019,2019-08-06,ICMPv6 / MLDv2 out-of-bounds memory access,core,mldv2,kernel,,CVE-2019-5608,,All supported versions of FreeBSD.,0c187c740d76,350648; 350644; 350650,https://github.com/freebsd/freebsd-src/commit/0c187c740d760aff6bd9777b33ac2a67d47facc0,,3,https://raw.githubusercontent.com/freebsd/freebsd-doc/main/website/static/security/advisories/FreeBSD-SA-19:19.mldv2.asc,,,,
FreeBSD-SA-19:20,2019,2019-08-06,Insufficient message length validation in bsnmp library,contrib,bsnmp,lib,Yes,CVE-2019-5610,,All supported versions of FreeBSD.,e7c851e54a63,350637; 350646; 350638,https://github.com/freebsd/freebsd-src/commit/e7c851e54a630edd8ef97e68392a49eaae73fccf,,3,https://raw.githubusercontent.com/freebsd/freebsd-doc/main/website/static/security/advisories/FreeBSD-SA-19:20.bsnmp.asc,,,,focused
FreeBSD-SA-19:21,2019,2019-08-06,Insufficient validation of guest-supplied data (e1000 device),core,bhyve,tool,Yes,CVE-2019-5609,,All supported versions of FreeBSD.,c604201d7d8c,350619; 350647,https://github.com/freebsd/freebsd-src/commit/c604201d7d8c817c94e0a200e7d0ae673cae586a,,3,https://raw.githubusercontent.com/freebsd/freebsd-doc/main/website/static/security/advisories/FreeBSD-SA-19:21.bhyve.asc,,,,focused
FreeBSD-SA-19:22,2019,2019-08-20,IPv6 remote Denial-of-Service,kernel,mbuf,kernel,,CVE-2019-5611,,All supported versions of FreeBSD.,dbb9f166cc86,350828; 351259; 350829,https://github.com/freebsd/freebsd-src/commit/dbb9f166cc86e935b98bc74ecdc149d42bab0550,,3,https://raw.githubusercontent.com/freebsd/freebsd-doc/main/website/static/security/advisories/FreeBSD-SA-19:22.mbuf.asc,,,,
FreeBSD-SA-19:23,2019,2019-08-20,kernel memory disclosure from /dev/midistat,core,midi,kernel,,CVE-2019-5612,,All supported versions of FreeBSD.,a0a60e087318,351264; 351260; 351265,https://github.com/freebsd/freebsd-src/commit/a0a60e08731805138b349805d01b6a0f9c0001ff,,3,https://raw.githubusercontent.com/freebsd/freebsd-doc/main/website/static/security/advisories/FreeBSD-SA-19:23.midi.asc,,,,
FreeBSD-SA-19:24,2019,2019-08-20,Reference count overflow in mqueue filesystem 32-bit compat,core,mqueuefs,kernel,,CVE-2019-5603,,All supported versions of FreeBSD.,f5d936c6d8a6,351255; 351261; 351257,https://github.com/freebsd/freebsd-src/commit/f5d936c6d8a616c4be221b1bfe1755e2ab645d4f,,3,https://raw.githubusercontent.com/freebsd/freebsd-doc/main/website/static/security/advisories/FreeBSD-SA-19:24.mqueuefs.asc,,,,
FreeBSD-SA-20:01,2020,2020-01-28,libfetch buffer overflow,core,libfetch,lib,Yes,CVE-2020-7450,,All supported versions of FreeBSD.,d26920de80e3,357213; 357217; 357214,https://github.com/freebsd/freebsd-src/commit/d26920de80e3b30304367182e528bb4332f06b33,,3,https://raw.githubusercontent.com/freebsd/freebsd-doc/main/website/static/security/advisories/FreeBSD-SA-20:01.libfetch.asc,,,,focused
FreeBSD-SA-20:02,2020,2020-01-28,Missing IPsec anti-replay window check,core,ipsec,kernel,,CVE-2019-5613,,FreeBSD 12.0 only,27bee646a451,357218,https://github.com/freebsd/freebsd-src/commit/27bee646a4516c4e737a2adb1f36ec9ac303add0,,3,https://raw.githubusercontent.com/freebsd/freebsd-doc/main/website/static/security/advisories/FreeBSD-SA-20:02.ipsec.asc,,,,
FreeBSD-SA-20:03,2020,2020-01-28,kernel stack data disclosure,core,thrmisc,kernel,,CVE-2019-15875,,All supported versions of FreeBSD.,1804b0bd538d,354734; 357219; 354735,https://github.com/freebsd/freebsd-src/commit/1804b0bd538d213793b8374a5ca068a400828ced,,3,https://raw.githubusercontent.com/freebsd/freebsd-doc/main/website/static/security/advisories/FreeBSD-SA-20:03.thrmisc.asc,,,,
FreeBSD-SA-20:04,2020,2020-03-19,TCP IPv6 SYN cache kernel information disclosure,core,tcp,kernel,,CVE-2020-7451,,All supported versions of FreeBSD.,8274d878c0e1,358739; 359138; 358740,https://github.com/freebsd/freebsd-src/commit/8274d878c0e1ee57563567e2ae8becf75f9143b1,,3,https://raw.githubusercontent.com/freebsd/freebsd-doc/main/website/static/security/advisories/FreeBSD-SA-20:04.tcp.asc,,,,
FreeBSD-SA-20:05,2020,2020-03-19,Insufficient oce(4) ioctl(2) privilege checking,core,if_oce_ioctl,kernel,,CVE-2019-15876,,All supported versions of FreeBSD.,03a5d3e78cda,356089; 359139; 356090,https://github.com/freebsd/freebsd-src/commit/03a5d3e78cda9e430d4b921475056a6f17a69c5a,,3,https://raw.githubusercontent.com/freebsd/freebsd-doc/main/website/static/security/advisories/FreeBSD-SA-20:05.if_oce_ioctl.asc,,,,
FreeBSD-SA-20:06,2020,2020-03-19,Insufficient ixl(4) ioctl(2) privilege checking,core,if_ixl_ioctl,kernel,,CVE-2019-15877,,All supported versions of FreeBSD.,9842ed885917,356606; 359140,https://github.com/freebsd/freebsd-src/commit/9842ed8859172c3553bc3d833fec8bca73256ea6,,3,https://raw.githubusercontent.com/freebsd/freebsd-doc/main/website/static/security/advisories/FreeBSD-SA-20:06.if_ixl_ioctl.asc,,,,
FreeBSD-SA-20:07,2020,2020-03-19,Incorrect user-controlled pointer use in epair,core,epair,kernel,,CVE-2020-7452,,All supported versions of FreeBSD.,fcfa8e1efd4c,357490; 359141; 357489,https://github.com/freebsd/freebsd-src/commit/fcfa8e1efd4ccee4a497806c4eed5c71d2071b4c,,3,https://raw.githubusercontent.com/freebsd/freebsd-doc/main/website/static/security/advisories/FreeBSD-SA-20:07.epair.asc,,,,
FreeBSD-SA-20:08,2020,2020-03-19,Kernel memory disclosure with nested jails,core,jail,kernel,,CVE-2020-7453,,All supported versions of FreeBSD.,dd377685f281,359021; 359142; 359020,https://github.com/freebsd/freebsd-src/commit/dd377685f2810780a397577c63e8236e9bd95e8c,,3,https://raw.githubusercontent.com/freebsd/freebsd-doc/main/website/static/security/advisories/FreeBSD-SA-20:08.jail.asc,,,,
FreeBSD-SA-20:10,2020,2020-04-21,ipfw invalid mbuf handling,core,ipfw,kernel,,CVE-2019-5614; CVE-2019-15874,,,b2139df42d40,356035; 360149; 356036,https://github.com/freebsd/freebsd-src/commit/b2139df42d40ad7db79949b01ad30cb74a564f9c,,3,https://raw.githubusercontent.com/freebsd/freebsd-doc/main/website/static/security/advisories/FreeBSD-SA-20:10.ipfw.asc,,,,
FreeBSD-SA-20:11,2020,2020-04-21,OpenSSL remote denial of service vulnerability,contrib,openssl,lib,Yes,CVE-2020-1967,,FreeBSD 12.1,9c325392eae3,360147; 360150,https://github.com/freebsd/freebsd-src/commit/9c325392eae38dcb0dea8c9bfa680fc1c945fa59,,3,https://raw.githubusercontent.com/freebsd/freebsd-doc/main/website/static/security/advisories/FreeBSD-SA-20:11.openssl.asc,,,,focused
FreeBSD-SA-20:12,2020,2020-05-12,Insufficient packet length validation in libalias,core,libalias,kernel,,CVE-2020-7454,,All supported versions of FreeBSD.,b57b6a8d61cc,360971; 360972,https://github.com/freebsd/freebsd-src/commit/b57b6a8d61cc3d3a4fccb78ec87d6a9b0239d505,,3,https://raw.githubusercontent.com/freebsd/freebsd-doc/main/website/static/security/advisories/FreeBSD-SA-20:12.libalias.asc,,,,
FreeBSD-SA-20:13,2020,2020-05-12,Memory disclosure vulnerability in libalias,core,libalias,kernel,,CVE-2020-7455,,All supported versions of FreeBSD,b57b6a8d61cc,360973; 360974,https://github.com/freebsd/freebsd-src/commit/b57b6a8d61cc3d3a4fccb78ec87d6a9b0239d505,,3,https://raw.githubusercontent.com/freebsd/freebsd-doc/main/website/static/security/advisories/FreeBSD-SA-20:13.libalias.asc,,,,
FreeBSD-SA-20:14,2020,2020-05-12,Improper checking in SCTP-AUTH shared key update,core,sctp,kernel,,CVE-2019-15878,,FreeBSD 11.3,033a6fb64cba,352509; 360975,https://github.com/freebsd/freebsd-src/commit/033a6fb64cbac1547abdece1e9e1c645c51fa494,,3,https://raw.githubusercontent.com/freebsd/freebsd-doc/main/website/static/security/advisories/FreeBSD-SA-20:14.sctp.asc,,,,
FreeBSD-SA-20:15,2020,2020-05-12,Use after free in cryptodev module,core,cryptodev,kernel,,CVE-2019-15879,,All supported versions of FreeBSD.,928384869490,356908; 360976,https://github.com/freebsd/freebsd-src/commit/928384869490921c8ed04dc2aa155cbca53eaefa,,3,https://raw.githubusercontent.com/freebsd/freebsd-doc/main/website/static/security/advisories/FreeBSD-SA-20:15.cryptodev.asc,,,,
FreeBSD-SA-20:16,2020,2020-05-12,Insufficient cryptodev MAC key length check,core,cryptodev,kernel,,CVE-2019-15880,,FreeBSD 12.1,928384869490,356911; 360977,https://github.com/freebsd/freebsd-src/commit/928384869490921c8ed04dc2aa155cbca53eaefa,,3,https://raw.githubusercontent.com/freebsd/freebsd-doc/main/website/static/security/advisories/FreeBSD-SA-20:16.cryptodev.asc,,,,
FreeBSD-SA-20:17,2020,2020-06-09,USB HID descriptor parsing error,core,usb,kernel,,CVE-2020-7456,,All supported versions of FreeBSD.,bc689c2fb406,361918; 361972; 361919,https://github.com/freebsd/freebsd-src/commit/bc689c2fb406fe5ae3ea591f27752a83113838a6,,3,https://raw.githubusercontent.com/freebsd/freebsd-doc/main/website/static/security/advisories/FreeBSD-SA-20:17.usb.asc,,,dual_scope: sys/dev/usb/(kernel) + lib/libusbhid/(userspace) both fixed,
FreeBSD-SA-20:18,2020,2020-07-08,posix_spawnp(3) buffer overflow,core,posix_spawnp,lib,Yes,CVE-2020-7458,,FreeBSD 11.4,6dfa236dcd29,362281; 363025,https://github.com/freebsd/freebsd-src/commit/6dfa236dcd29f6d0b1c8f62251bd6214e4f91467,,3,https://raw.githubusercontent.com/freebsd/freebsd-doc/main/website/static/security/advisories/FreeBSD-SA-20:18.posix_spawnp.asc,,,,focused
FreeBSD-SA-20:20,2020,2020-07-08,IPv6 socket option race condition and use after free,core,ipv6,kernel,,CVE-2020-7457,,All supported versions of FreeBSD.,e737287d4e7e,359565; 363026; 362975,https://github.com/freebsd/freebsd-src/commit/e737287d4e7ed7145749c8fd8235ec930e3665f6,,3,https://raw.githubusercontent.com/freebsd/freebsd-doc/main/website/static/security/advisories/FreeBSD-SA-20:20.ipv6.asc,,,,
FreeBSD-SA-20:21,2020,2020-08-05,Potential memory corruption in USB network device drivers,core,usb_net,kernel,,CVE-2020-7459,,All supported versions of FreeBSD.,8608d8575f01,362166; 363921; 362167,https://github.com/freebsd/freebsd-src/commit/8608d8575f01232c0f93a47d501d38e2e2f6e6ca,,3,https://raw.githubusercontent.com/freebsd/freebsd-doc/main/website/static/security/advisories/FreeBSD-SA-20:21.usb_net.asc,,,,
FreeBSD-SA-20:23,2020,2020-08-05,sendmsg(2) privilege escalation,core,sendmsg,kernel,,CVE-2020-7460,,All supported versions of FreeBSD.,05267beac514,363918; 363923; 363919,https://github.com/freebsd/freebsd-src/commit/05267beac51492b96fa1a6f2497aedfb819c58bc,,3,https://raw.githubusercontent.com/freebsd/freebsd-doc/main/website/static/security/advisories/FreeBSD-SA-20:23.sendmsg.asc,,,,
FreeBSD-SA-20:24,2020,2020-09-02,IPv6 Hop-by-Hop options use-after-free bug,core,ipv6,kernel,,CVE-2020-7462,,FreeBSD 11.3,b4e4841f6486,360733; 365255,https://github.com/freebsd/freebsd-src/commit/b4e4841f6486fcec94645a0ec2a340f8c8eff19a,,3,https://raw.githubusercontent.com/freebsd/freebsd-doc/main/website/static/security/advisories/FreeBSD-SA-20:24.ipv6.asc,,,,
FreeBSD-SA-20:25,2020,2020-09-02,SCTP socket use-after-free bug,core,sctp,kernel,,CVE-2020-7463,,All supported versions of FreeBSD.,f6ce56c68ca2,364644; 365256; 364651,https://github.com/freebsd/freebsd-src/commit/f6ce56c68ca2daa2bafb2752e4704188bfcf9e3c,,3,https://raw.githubusercontent.com/freebsd/freebsd-doc/main/website/static/security/advisories/FreeBSD-SA-20:25.sctp.asc,,,,
FreeBSD-SA-20:26,2020,2020-09-02,dhclient heap overflow,core,dhclient,tool,Yes,CVE-2020-7461,,All supported versions of FreeBSD.,b2ed812dbd2e,365010; 365257; 365011,https://github.com/freebsd/freebsd-src/commit/b2ed812dbd2e0872806aed91ec528ed46271c5ca,,3,https://raw.githubusercontent.com/freebsd/freebsd-doc/main/website/static/security/advisories/FreeBSD-SA-20:26.dhclient.asc,,,,focused
FreeBSD-SA-20:27,2020,2020-09-15,ure device driver susceptible to packet-in-packet attack,core,ure,kernel,,CVE-2020-7464,,All supported versions of FreeBSD.,9dc5a79fdce5,365730; 365778; 365738,https://github.com/freebsd/freebsd-src/commit/9dc5a79fdce5313eba90fca907ab96e48764581e,,3,https://raw.githubusercontent.com/freebsd/freebsd-doc/main/website/static/security/advisories/FreeBSD-SA-20:27.ure.asc,,,,
FreeBSD-SA-20:28,2020,2020-09-15,bhyve privilege escalation via VMCS access,core,bhyve_vmcs,kernel,,CVE-2020-24718,,All supported versions of FreeBSD.,b96e6772dfc6,365777; 365779,https://github.com/freebsd/freebsd-src/commit/b96e6772dfc6ee7a704020d8f7e4a0f8b38edbb0,,3,https://raw.githubusercontent.com/freebsd/freebsd-doc/main/website/static/security/advisories/FreeBSD-SA-20:28.bhyve_vmcs.asc,,,,
FreeBSD-SA-20:29,2020,2020-09-15,bhyve SVM guest escape,core,bhyve_svm,kernel,,CVE-2020-7467,,All supported versions of FreeBSD.,a76dd71a2d14,365767; 365780; 365769,https://github.com/freebsd/freebsd-src/commit/a76dd71a2d142877b19a9b58bbd7d10d8acc253e,,3,https://raw.githubusercontent.com/freebsd/freebsd-doc/main/website/static/security/advisories/FreeBSD-SA-20:29.bhyve_svm.asc,,,,
FreeBSD-SA-20:30,2020,2020-09-15,ftpd privilege escalation via ftpchroot feature,core,ftpd,tool,Yes,CVE-2020-7468,,All supported versions of FreeBSD.,ff1e565f5a17,365772; 365781; 365773,https://github.com/freebsd/freebsd-src/commit/ff1e565f5a1708c18f58cddf8566bd79cca9cdea,,3,https://raw.githubusercontent.com/freebsd/freebsd-doc/main/website/static/security/advisories/FreeBSD-SA-20:30.ftpd.asc,,,,focused
FreeBSD-SA-20:31,2020,2020-12-01,ICMPv6 use-after-free in error message handling,core,icmp6,kernel,,CVE-2020-7469,,All supported versions of FreeBSD.,229d311aa423,367402; 368255; 368202,https://github.com/freebsd/freebsd-src/commit/229d311aa42306953eb45bc55a8c5ca97312025e,,3,https://raw.githubusercontent.com/freebsd/freebsd-doc/main/website/static/security/advisories/FreeBSD-SA-20:31.icmp6.asc,,,,
FreeBSD-SA-20:32,2020,2020-12-01,Multiple vulnerabilities in rtsold,core,rtsold,tool,Yes,CVE-2020-25577; CVE-2020-25583,,All supported versions of FreeBSD,e937464e2b89,368250; 368256; 368253,https://github.com/freebsd/freebsd-src/commit/e937464e2b89799135b7ba511b9f999573dbb115,,3,https://raw.githubusercontent.com/freebsd/freebsd-doc/main/website/static/security/advisories/FreeBSD-SA-20:32.rtsold.asc,,,,focused
FreeBSD-SA-20:33,2020,2020-12-08,OpenSSL NULL pointer de-reference,contrib,openssl,lib,Yes,CVE-2020-1971,,All supported versions of FreeBSD.,4fbf189781c7,368459; 368463; 368530; 368643,https://github.com/freebsd/freebsd-src/commit/4fbf189781c716c626a8893c8aa8a9c391191e57,,3,https://raw.githubusercontent.com/freebsd/freebsd-doc/main/website/static/security/advisories/FreeBSD-SA-20:33.openssl.asc,,,,focused
FreeBSD-SA-21:01,2021,2021-01-29,Uninitialized kernel stack leaks in several file systems,core,fsdisclosure,kernel,,CVE-2020-25578; CVE-2020-25579,,All supported versions of FreeBSD.,,368969; 369175; 369165; 369047; 369156,,,2,https://raw.githubusercontent.com/freebsd/freebsd-doc/main/website/static/security/advisories/FreeBSD-SA-21:01.fsdisclosure.asc,,,,
FreeBSD-SA-21:02,2021,2021-01-29,Xen guests can triger backend Out Of Memory,contrib,xenoom,kernel,,CVE-2020-29568,,All supported versions of FreeBSD.,,369038; 369177; 369167; 369072; 369158,,,2,https://raw.githubusercontent.com/freebsd/freebsd-doc/main/website/static/security/advisories/FreeBSD-SA-21:02.xenoom.asc,,,,
FreeBSD-SA-21:03,2021,2021-02-24,login.access fails to apply rules,core,pam_login_access,lib,Yes,CVE-2020-25580,,All supported versions of FreeBSD.,8cf559d6b9b4,369346; 369359; 369345; 369351,https://github.com/freebsd/freebsd-src/commit/8cf559d6b9b4782bf67eb868ea480f47fc8c64a4,,3,https://raw.githubusercontent.com/freebsd/freebsd-doc/main/website/static/security/advisories/FreeBSD-SA-21:03.pam_login_access.asc,,,,focused
FreeBSD-SA-21:04,2021,2021-02-24,jail_remove(2) fails to kill all jailed processes,core,jail_remove,kernel,,CVE-2020-25581,,All supported versions of FreeBSD.,b306be13a9c7,369312; 369353; 369313; 369347,https://github.com/freebsd/freebsd-src/commit/b306be13a9c7ea0db8979a8a53dca93f90ec59cc,,3,https://raw.githubusercontent.com/freebsd/freebsd-doc/main/website/static/security/advisories/FreeBSD-SA-21:04.jail_remove.asc,,,,
FreeBSD-SA-21:05,2021,2021-02-24,jail_attach(2) relies on the caller to change the cwd,core,jail_chdir,kernel,,CVE-2020-25582,,All supported versions of FreeBSD.,4dd124c3171d,369334; 369354; 369335; 369348,https://github.com/freebsd/freebsd-src/commit/4dd124c3171db9cd7fbcc49d8081de590a065d0b,,3,https://raw.githubusercontent.com/freebsd/freebsd-doc/main/website/static/security/advisories/FreeBSD-SA-21:05.jail_chdir.asc,,,,
FreeBSD-SA-21:06,2021,2021-02-24,Xen grant mapping error handling issues,contrib,xen,kernel,,CVE-2021-26932,,All supported versions of FreeBSD.,ab3e1bd3c22a,369341; 369358; 369342; 369350,https://github.com/freebsd/freebsd-src/commit/ab3e1bd3c22a222520c23c2793cc39e3a23c9b46,,3,https://raw.githubusercontent.com/freebsd/freebsd-doc/main/website/static/security/advisories/FreeBSD-SA-21:06.xen.asc,,,,
FreeBSD-SA-21:07,2021,2021-03-25,Multiple vulnerabilities in OpenSSL,contrib,openssl,lib,Yes,CVE-2021-3449; CVE-2021-3450,,FreeBSD 12.2 and later,b6c1fdcdf503,369521; 369523,https://github.com/freebsd/freebsd-src/commit/b6c1fdcdf503,,3,https://raw.githubusercontent.com/freebsd/freebsd-doc/main/website/static/security/advisories/FreeBSD-SA-21:07.openssl.asc,,,,focused
FreeBSD-SA-21:08,2021,2021-04-06,Memory disclosure by stale virtual memory mapping,core,vm,kernel,,CVE-2021-29626,,All supported versions of FreeBSD.,2e08308d62f3; 724bc23da1a9,369551; 369556; 369559; 369561,https://github.com/freebsd/freebsd-src/commit/2e08308d62f3; https://github.com/freebsd/freebsd-src/commit/724bc23da1a9,,3,https://raw.githubusercontent.com/freebsd/freebsd-doc/main/website/static/security/advisories/FreeBSD-SA-21:08.vm.asc,,,,
FreeBSD-SA-21:09,2021,2021-04-06,double free in accept_filter(9) socket configuration interface,core,accept_filter,kernel,,CVE-2021-29627,,FreeBSD 12.2 and later.,c7d10e7ec872; af6611e5adc6,369525; 369553,https://github.com/freebsd/freebsd-src/commit/c7d10e7ec872; https://github.com/freebsd/freebsd-src/commit/af6611e5adc6,,3,https://raw.githubusercontent.com/freebsd/freebsd-doc/main/website/static/security/advisories/FreeBSD-SA-21:09.accept_filter.asc,,,,
FreeBSD-SA-21:10,2021,2021-04-06,jail escape possible by mounting over jail root,core,jail_mount,kernel,,CVE-2020-25584,,All supported versions of FreeBSD.,3ae17faa3704; 4710439ec594,369552; 369557; 369560; 369562,https://github.com/freebsd/freebsd-src/commit/3ae17faa3704; https://github.com/freebsd/freebsd-src/commit/4710439ec594,,3,https://raw.githubusercontent.com/freebsd/freebsd-doc/main/website/static/security/advisories/FreeBSD-SA-21:10.jail_mount.asc,,,,
FreeBSD-SA-21:11,2021,2021-05-26,SMAP bypass,core,smap,kernel,,CVE-2021-29628,,FreeBSD 12.2 and later.,876ffe28796c; f32130a1955e,369857; 369863,https://github.com/freebsd/freebsd-src/commit/876ffe28796c; https://github.com/freebsd/freebsd-src/commit/f32130a1955e,,3,https://raw.githubusercontent.com/freebsd/freebsd-doc/main/website/static/security/advisories/FreeBSD-SA-21:11.smap.asc,,,,
FreeBSD-SA-21:12,2021,2021-05-26,Missing message validation in libradius(3),core,libradius,lib,Yes,CVE-2021-29629,,All supported versions of FreeBSD.,bec0d2c9c841; 7d900abe6269,369859; 369864; 369866; 369867,https://github.com/freebsd/freebsd-src/commit/bec0d2c9c841; https://github.com/freebsd/freebsd-src/commit/7d900abe6269,,3,https://raw.githubusercontent.com/freebsd/freebsd-doc/main/website/static/security/advisories/FreeBSD-SA-21:12.libradius.asc,,,,focused
FreeBSD-SA-21:13,2021,2021-08-24,Missing error handling in bhyve(8) device models,core,bhyve,tool,Yes,CVE-2021-29631,,All supported versions of FreeBSD.,20f96f215562; ec08bc89d4b3,370400; 370393; 370399; 370386,https://github.com/freebsd/freebsd-src/commit/20f96f215562; https://github.com/freebsd/freebsd-src/commit/ec08bc89d4b3,,3,https://raw.githubusercontent.com/freebsd/freebsd-doc/main/website/static/security/advisories/FreeBSD-SA-21:13.bhyve.asc,,,,focused
FreeBSD-SA-21:14,2021,2021-08-24,Remote code execution in ggatec(8),core,ggatec,tool,Yes,CVE-2021-29630,,All supported versions of FreeBSD.,0729ba2f49c9; c8a2cc4ba845,370383; 370394; 370381; 370387,https://github.com/freebsd/freebsd-src/commit/0729ba2f49c9; https://github.com/freebsd/freebsd-src/commit/c8a2cc4ba845,,3,https://raw.githubusercontent.com/freebsd/freebsd-doc/main/website/static/security/advisories/FreeBSD-SA-21:14.ggatec.asc,,,,focused
FreeBSD-SA-21:15,2021,2021-08-24,libfetch out of bounds read,core,libfetch,lib,Yes,CVE-2021-36159,,All supported versions of FreeBSD.,a75324d674f5; 060510ba8bfb,370384; 370395; 370382; 370388,https://github.com/freebsd/freebsd-src/commit/a75324d674f5; https://github.com/freebsd/freebsd-src/commit/060510ba8bfb,,3,https://raw.githubusercontent.com/freebsd/freebsd-doc/main/website/static/security/advisories/FreeBSD-SA-21:15.libfetch.asc,,,,focused
FreeBSD-SA-21:16,2021,2021-08-24,Multiple OpenSSL vulnerabilities,contrib,openssl,lib,Yes,CVE-2021-3711; CVE-2021-3712,,FreeBSD 12.2 and later.,9d31ae318711; 2261c814b7fa,370385; 370396,https://github.com/freebsd/freebsd-src/commit/9d31ae318711; https://github.com/freebsd/freebsd-src/commit/2261c814b7fa,,3,https://raw.githubusercontent.com/freebsd/freebsd-doc/main/website/static/security/advisories/FreeBSD-SA-21:16.openssl.asc,,,,focused
FreeBSD-SA-21:17,2021,2021-08-24,Multiple vulnerabilities in OpenSSL,contrib,openssl,lib,Yes,CVE-2021-23840; CVE-2021-23841,,FreeBSD 12.2 and FreeBSD 11.4,895e0245469d,369284; 370397; 369299; 370389,https://github.com/freebsd/freebsd-src/commit/895e0245469d0d3a267d2685f27d97532c461520,,3,https://raw.githubusercontent.com/freebsd/freebsd-doc/main/website/static/security/advisories/FreeBSD-SA-21:17.openssl.asc,,,,focused
FreeBSD-SA-22:01,2022,2022-01-11,vt console buffer overflow,kernel,vt,kernel,,CVE-2021-29632,,FreeBSD 12.2 and FreeBSD 13.0,9352de39c3dc; 3e0a1e124169,370674; 371491,https://github.com/freebsd/freebsd-src/commit/9352de39c3dc; https://github.com/freebsd/freebsd-src/commit/3e0a1e124169,,3,https://raw.githubusercontent.com/freebsd/freebsd-doc/main/website/static/security/advisories/FreeBSD-SA-22:01.vt.asc,,,,
FreeBSD-SA-22:02,2022,2022-03-15,Multiple WiFi issues,core,wifi,kernel,,CVE-2020-26147; CVE-2020-24588; CVE-2020-26144,,FreeBSD 12.x and FreeBSD 13.0,6acb9d5f955b; 0d1db5c3257e,371640; 371748; 371740,https://github.com/freebsd/freebsd-src/commit/6acb9d5f955b; https://github.com/freebsd/freebsd-src/commit/0d1db5c3257e,,3,https://raw.githubusercontent.com/freebsd/freebsd-doc/main/website/static/security/advisories/FreeBSD-SA-22:02.wifi.asc,,,,
FreeBSD-SA-22:03,2022,2022-03-15,OpenSSL certificate parsing infinite loop,contrib,openssl,lib,Yes,CVE-2022-0778,,All supported versions of FreeBSD.,5f3d952f6e6b; 942b5e156d41; 3847c17aa23a,371734; 371742; 371735,https://github.com/freebsd/freebsd-src/commit/5f3d952f6e6b; https://github.com/freebsd/freebsd-src/commit/942b5e156d41; https://github.com/freebsd/freebsd-src/commit/3847c17aa23a,,3,https://raw.githubusercontent.com/freebsd/freebsd-doc/main/website/static/security/advisories/FreeBSD-SA-22:03.openssl.asc,,,,focused
FreeBSD-SA-22:04,2022,2022-04-06,Potential jail escape vulnerabilities in netmap,core,netmap,kernel,,CVE-2022-23084; CVE-2022-23085,,All supported versions of FreeBSD.,9f600a260a73; 7c55c52696d2; 4996f46e03a4,371757; 371870,https://github.com/freebsd/freebsd-src/commit/9f600a260a73; https://github.com/freebsd/freebsd-src/commit/7c55c52696d2; https://github.com/freebsd/freebsd-src/commit/4996f46e03a4,,3,https://raw.githubusercontent.com/freebsd/freebsd-doc/main/website/static/security/advisories/FreeBSD-SA-22:04.netmap.asc,,,,
FreeBSD-SA-22:05,2022,2022-04-06,Bhyve e82545 device emulation out-of-bounds write,core,bhyve,tool,Yes,CVE-2022-23087,,All supported versions of FreeBSD.,53f722094798; 5a28d8befda0; b85c68857da3,371867; 371871,https://github.com/freebsd/freebsd-src/commit/53f722094798; https://github.com/freebsd/freebsd-src/commit/5a28d8befda0; https://github.com/freebsd/freebsd-src/commit/b85c68857da3,,3,https://raw.githubusercontent.com/freebsd/freebsd-doc/main/website/static/security/advisories/FreeBSD-SA-22:05.bhyve.asc,,,,focused
FreeBSD-SA-22:06,2022,2022-04-06,mpr/mps/mpt driver ioctl heap out-of-bounds write,core,ioctl,kernel,,CVE-2022-23086,,All supported versions of FreeBSD.,0b29e1b9f9df; aef190f298af; e724f3ce7970,371855; 371872,https://github.com/freebsd/freebsd-src/commit/0b29e1b9f9df; https://github.com/freebsd/freebsd-src/commit/aef190f298af; https://github.com/freebsd/freebsd-src/commit/e724f3ce7970,,3,https://raw.githubusercontent.com/freebsd/freebsd-doc/main/website/static/security/advisories/FreeBSD-SA-22:06.ioctl.asc,,,,
FreeBSD-SA-22:07,2022,2022-04-06,802.11 heap buffer overflow,core,wifi_meshid,kernel,,CVE-2022-23088,,All supported versions of FreeBSD.,72617f9246e3; 00cc1ce78da3; b2b23824272d,371868; 371873,https://github.com/freebsd/freebsd-src/commit/72617f9246e3; https://github.com/freebsd/freebsd-src/commit/00cc1ce78da3; https://github.com/freebsd/freebsd-src/commit/b2b23824272d,,3,https://raw.githubusercontent.com/freebsd/freebsd-doc/main/website/static/security/advisories/FreeBSD-SA-22:07.wifi_meshid.asc,,,,
FreeBSD-SA-22:08,2022,2022-04-06,zlib compression out-of-bounds write,zlib,zlib,lib,Yes,CVE-2018-25032,,All supported versions of FreeBSD.,c4727a47f18c; f5196112e8bd; 9854ff088002,371856; 371875,https://github.com/freebsd/freebsd-src/commit/c4727a47f18c; https://github.com/freebsd/freebsd-src/commit/f5196112e8bd; https://github.com/freebsd/freebsd-src/commit/9854ff088002,,3,https://raw.githubusercontent.com/freebsd/freebsd-doc/main/website/static/security/advisories/FreeBSD-SA-22:08.zlib.asc,,,,focused
FreeBSD-SA-22:09,2022,2022-08-09,Out of bound read in elf_note_prpsinfo(),core,elf,kernel,,CVE-2022-23089,,All supported versions of FreeBSD.,8a44a2c644fc; 69a456c0b60b; 056ffc74a769,372376; 372380,https://github.com/freebsd/freebsd-src/commit/8a44a2c644fc; https://github.com/freebsd/freebsd-src/commit/69a456c0b60b; https://github.com/freebsd/freebsd-src/commit/056ffc74a769,,3,https://raw.githubusercontent.com/freebsd/freebsd-doc/main/website/static/security/advisories/FreeBSD-SA-22:09.elf.asc,,,,
FreeBSD-SA-22:10,2022,2022-08-09,AIO credential reference count leak,core,aio,kernel,,CVE-2022-23090,,"FreeBSD 12.3, FreeBSD 13.0",9499d3c1e40d; c864c8cf08a9,372172; 372379,https://github.com/freebsd/freebsd-src/commit/9499d3c1e40d; https://github.com/freebsd/freebsd-src/commit/c864c8cf08a9,,3,https://raw.githubusercontent.com/freebsd/freebsd-doc/main/website/static/security/advisories/FreeBSD-SA-22:10.aio.asc,,,,
FreeBSD-SA-22:11,2022,2022-08-09,Memory disclosure by stale virtual memory mapping,core,vm,kernel,,CVE-2022-23091,,All supported versions of FreeBSD.,3ea8c7ad90f7; 0c88ecaa1255; dd349089ff92,372377; 372381,https://github.com/freebsd/freebsd-src/commit/3ea8c7ad90f7; https://github.com/freebsd/freebsd-src/commit/0c88ecaa1255; https://github.com/freebsd/freebsd-src/commit/dd349089ff92,,3,https://raw.githubusercontent.com/freebsd/freebsd-doc/main/website/static/security/advisories/FreeBSD-SA-22:11.vm.asc,,,,
FreeBSD-SA-22:12,2022,2022-08-09,Missing bounds check in 9p message handling,contrib,lib9p,lib,Yes,CVE-2022-23092,,FreeBSD 13.0 and 13.1,c536045c51da; 7dfe949791e7; 70a2cf7bb2e0,,https://github.com/freebsd/freebsd-src/commit/c536045c51da; https://github.com/freebsd/freebsd-src/commit/7dfe949791e7; https://github.com/freebsd/freebsd-src/commit/70a2cf7bb2e0,,3,https://raw.githubusercontent.com/freebsd/freebsd-doc/main/website/static/security/advisories/FreeBSD-SA-22:12.lib9p.asc,,,,focused
FreeBSD-SA-22:13,2022,2022-08-30,zlib heap buffer overflow,contrib,zlib,kernel,,CVE-2022-37434,,All supported versions of FreeBSD.,10cc2bf5f7a5; 289231c9634a; 77cd23716ffb,372370; 372460,https://github.com/freebsd/freebsd-src/commit/10cc2bf5f7a5; https://github.com/freebsd/freebsd-src/commit/289231c9634a; https://github.com/freebsd/freebsd-src/commit/77cd23716ffb,,3,https://raw.githubusercontent.com/freebsd/freebsd-doc/main/website/static/security/advisories/FreeBSD-SA-22:13.zlib.asc,,,,
FreeBSD-SA-22:15,2022,2022-11-29,Stack overflow in ping(8),core,ping,tool,Yes,CVE-2022-23093,,All supported versions of FreeBSD.,186f495d4be1; 66c7b53d9516,372774; 372778; 372775,https://github.com/freebsd/freebsd-src/commit/186f495d4be1; https://github.com/freebsd/freebsd-src/commit/66c7b53d9516,,3,https://raw.githubusercontent.com/freebsd/freebsd-doc/main/website/static/security/advisories/FreeBSD-SA-22:15.ping.asc,,,,focused
FreeBSD-SA-23:01,2023,2023-02-08,GELI silently omits the keyfile if read from stdin,core,geli,lib,Yes,CVE-2023-0751,,All supported versions of FreeBSD.,88bb08452ee3; 98933c7013a5,372910; 372917; 372913,https://github.com/freebsd/freebsd-src/commit/88bb08452ee3; https://github.com/freebsd/freebsd-src/commit/98933c7013a5,,3,https://raw.githubusercontent.com/freebsd/freebsd-doc/main/website/static/security/advisories/FreeBSD-SA-23:01.geli.asc,,,,focused
FreeBSD-SA-23:02,2023,2023-02-16,OpenSSH pre-authentication double free,contrib,openssh,tool,Yes,CVE-2023-25136,,FreeBSD 12.4,296ec8eae0c8,,https://github.com/freebsd/freebsd-src/commit/296ec8eae0c8,,3,https://raw.githubusercontent.com/freebsd/freebsd-doc/main/website/static/security/advisories/FreeBSD-SA-23:02.openssh.asc,,,,focused
FreeBSD-SA-23:03,2023,2023-02-16,Multiple vulnerabilities in OpenSSL,contrib,openssl,lib,Yes,CVE-2023-0286; CVE-2023-0215; CVE-2022-4450; CVE-2022-4304,,All supported versions of FreeBSD.,0904c29a0a11; e237b128e080,372906; 372939; 372936,https://github.com/freebsd/freebsd-src/commit/0904c29a0a11; https://github.com/freebsd/freebsd-src/commit/e237b128e080,,3,https://raw.githubusercontent.com/freebsd/freebsd-doc/main/website/static/security/advisories/FreeBSD-SA-23:03.openssl.asc,,,,medium
FreeBSD-SA-23:04,2023,2023-06-21,Network authentication attack via pam_krb5,core,pam_krb5,lib,Yes,CVE-2023-3326,,All supported versions of FreeBSD,6322a6c9daaa; 58d21e3e8e56; 07e3f54f2ea1,373100; 373103,https://github.com/freebsd/freebsd-src/commit/6322a6c9daaa; https://github.com/freebsd/freebsd-src/commit/58d21e3e8e56; https://github.com/freebsd/freebsd-src/commit/07e3f54f2ea1,,3,https://raw.githubusercontent.com/freebsd/freebsd-doc/main/website/static/security/advisories/FreeBSD-SA-23:04.pam_krb5.asc,,,,focused
FreeBSD-SA-23:05,2023,2023-06-21,ssh-add does not honor per-hop destination constraints,contrib,openssh,tool,Yes,CVE-2023-28531,,FreeBSD 12.4,e374f1ec937f,373093; 373104,https://github.com/freebsd/freebsd-src/commit/e374f1ec937f70ab2c89e0b392b45a67752c4172,,3,https://raw.githubusercontent.com/freebsd/freebsd-doc/main/website/static/security/advisories/FreeBSD-SA-23:05.openssh.asc,,,,focused
FreeBSD-SA-23:06,2023,2023-08-01,Remote denial of service in IPv6 fragment reassembly,core,ipv6,kernel,,CVE-2023-3107,,All supported versions of FreeBSD,9515f04fe3b1; da38eaca4a22; 4e548c72914a,373149; 373152,https://github.com/freebsd/freebsd-src/commit/9515f04fe3b1; https://github.com/freebsd/freebsd-src/commit/da38eaca4a22; https://github.com/freebsd/freebsd-src/commit/4e548c72914a,,3,https://raw.githubusercontent.com/freebsd/freebsd-doc/main/website/static/security/advisories/FreeBSD-SA-23:06.ipv6.asc,,,,
FreeBSD-SA-23:07,2023,2023-08-01,bhyve privileged guest escape via fwctl,core,bhyve,tool,Yes,CVE-2023-3494,,FreeBSD 13.1 and 13.2,9fe302d78109; 2bae613e0da3; 87702e38a4b4,,https://github.com/freebsd/freebsd-src/commit/9fe302d78109; https://github.com/freebsd/freebsd-src/commit/2bae613e0da3; https://github.com/freebsd/freebsd-src/commit/87702e38a4b4,,3,https://raw.githubusercontent.com/freebsd/freebsd-doc/main/website/static/security/advisories/FreeBSD-SA-23:07.bhyve.asc,,,,focused
FreeBSD-SA-23:08,2023,2023-08-01,Potential remote code execution via ssh-agent forwarding,contrib,ssh,tool,Yes,CVE-2023-38408,,All supported versions of FreeBSD.,d578a19e2cd3; 20bcfc33d3f2; 3d3a1cbfd7a2,373142; 373151,https://github.com/freebsd/freebsd-src/commit/d578a19e2cd3; https://github.com/freebsd/freebsd-src/commit/20bcfc33d3f2; https://github.com/freebsd/freebsd-src/commit/3d3a1cbfd7a2,,3,https://raw.githubusercontent.com/freebsd/freebsd-doc/main/website/static/security/advisories/FreeBSD-SA-23:08.ssh.asc,,,,focused
FreeBSD-SA-23:09,2023,2023-08-01,Network authentication attack via pam_krb5,core,pam_krb5,lib,Yes,CVE-2023-3326,,All supported versions of FreeBSD,d295e418ae7e; 9b45d8eddfac; 140f65a20533,373127; 373150,https://github.com/freebsd/freebsd-src/commit/d295e418ae7e; https://github.com/freebsd/freebsd-src/commit/9b45d8eddfac; https://github.com/freebsd/freebsd-src/commit/140f65a20533,,3,https://raw.githubusercontent.com/freebsd/freebsd-doc/main/website/static/security/advisories/FreeBSD-SA-23:09.pam_krb5.asc,,,,focused
FreeBSD-SA-23:10,2023,2023-09-06,pf incorrectly handles multiple IPv6 fragment headers,core,pf,kernel,,CVE-2023-4809,,All supported versions of FreeBSD.,3a0461f23a4f; 41b7760991ef,373157; 373186,https://github.com/freebsd/freebsd-src/commit/3a0461f23a4f; https://github.com/freebsd/freebsd-src/commit/41b7760991ef,,3,https://raw.githubusercontent.com/freebsd/freebsd-doc/main/website/static/security/advisories/FreeBSD-SA-23:10.pf.asc,,,,
FreeBSD-SA-23:11,2023,2023-09-06,Wi-Fi encryption bypass,core,wifi,kernel,,CVE-2022-47522,,All supported versions of FreeBSD.,6c9bcecfb296; 7f34ee7cc56b,373115; 373187,https://github.com/freebsd/freebsd-src/commit/6c9bcecfb296; https://github.com/freebsd/freebsd-src/commit/7f34ee7cc56b,,3,https://raw.githubusercontent.com/freebsd/freebsd-doc/main/website/static/security/advisories/FreeBSD-SA-23:11.wifi.asc,,,,
FreeBSD-SA-23:12,2023,2023-10-03,msdosfs data disclosure,core,msdosfs,kernel,,CVE-2023-5368,,All supported versions of FreeBSD.,868f3eadc5e0; 7d08a7e6908b,373207; 373233,https://github.com/freebsd/freebsd-src/commit/868f3eadc5e0; https://github.com/freebsd/freebsd-src/commit/7d08a7e6908b,,3,https://raw.githubusercontent.com/freebsd/freebsd-doc/main/website/static/security/advisories/FreeBSD-SA-23:12.msdosfs.asc,,,,
FreeBSD-SA-23:13,2023,2023-10-03,copy_file_range insufficient capability rights check,core,capsicum,kernel,,CVE-2023-5369,,FreeBSD 13.2,3f0ce63828dc; 2d23f6c33431,,https://github.com/freebsd/freebsd-src/commit/3f0ce63828dc; https://github.com/freebsd/freebsd-src/commit/2d23f6c33431,,3,https://raw.githubusercontent.com/freebsd/freebsd-doc/main/website/static/security/advisories/FreeBSD-SA-23:13.capsicum.asc,,,,
FreeBSD-SA-23:14,2023,2023-10-03,arm64 boot CPUs may lack speculative execution protections,core,smccc,kernel,,CVE-2023-5370,,FreeBSD 13.2,4df1447f2c76; 485912e051bb,,https://github.com/freebsd/freebsd-src/commit/4df1447f2c76; https://github.com/freebsd/freebsd-src/commit/485912e051bb,,3,https://raw.githubusercontent.com/freebsd/freebsd-doc/main/website/static/security/advisories/FreeBSD-SA-23:14.smccc.asc,,,,
FreeBSD-SA-23:15,2023,2023-11-07,libc stdio buffer overflow,core,stdio,lib,Yes,CVE-2023-5941,,,d2c65a1c9486,,https://github.com/freebsd/freebsd-src/commit/d2c65a1c9486,,3,https://raw.githubusercontent.com/freebsd/freebsd-doc/main/website/static/security/advisories/FreeBSD-SA-23:15.stdio.asc,,,,focused
FreeBSD-SA-23:16,2023,2023-11-08,Incorrect libcap_net limitation list manipulation,core,cap_net,lib,Yes,CVE-2023-5978,,FreeBSD 13.2 and later,765757c6301f; 5f4fc91cc87c; 114c6d9bef76; acd860c3622d,,https://github.com/freebsd/freebsd-src/commit/765757c6301f; https://github.com/freebsd/freebsd-src/commit/5f4fc91cc87c; https://github.com/freebsd/freebsd-src/commit/114c6d9bef76; https://github.com/freebsd/freebsd-src/commit/acd860c3622d,,3,https://raw.githubusercontent.com/freebsd/freebsd-doc/main/website/static/security/advisories/FreeBSD-SA-23:16.cap_net.asc,,,,focused
FreeBSD-SA-23:17,2023,2023-12-05,TCP spoofing vulnerability in pf(4),core,pf,kernel,,CVE-2023-6534,,All supported versions of FreeBSD.,a47a44c0d69c; 0019b7058a7a; ee1d1e38fae6; 45e256e24c97,373284; 373287,https://github.com/freebsd/freebsd-src/commit/a47a44c0d69c; https://github.com/freebsd/freebsd-src/commit/0019b7058a7a; https://github.com/freebsd/freebsd-src/commit/ee1d1e38fae6; https://github.com/freebsd/freebsd-src/commit/45e256e24c97,,3,https://raw.githubusercontent.com/freebsd/freebsd-doc/main/website/static/security/advisories/FreeBSD-SA-23:17.pf.asc,,,,
FreeBSD-SA-23:18,2023,2023-12-12,NFS client data corruption and kernel memory disclosure,core,nfsclient,kernel,,CVE-2023-6660,,FreeBSD 13.2 and 14.0,8d42f85d9d7b; ab60666a00c9; f1d1d50e1d08; 3f079b3f2f33,,https://github.com/freebsd/freebsd-src/commit/8d42f85d9d7b; https://github.com/freebsd/freebsd-src/commit/ab60666a00c9; https://github.com/freebsd/freebsd-src/commit/f1d1d50e1d08; https://github.com/freebsd/freebsd-src/commit/3f079b3f2f33,,3,https://raw.githubusercontent.com/freebsd/freebsd-doc/main/website/static/security/advisories/FreeBSD-SA-23:18.nfsclient.asc,,,,
FreeBSD-SA-23:19,2023,2023-12-19,Prefix Truncation Attack in the SSH protocol,contrib,openssh,tool,Yes,CVE-2023-48795,,All supported versions of FreeBSD.,069ac18495ad,,https://github.com/freebsd/freebsd-src/commit/069ac18495ad,,3,https://raw.githubusercontent.com/freebsd/freebsd-doc/main/website/static/security/advisories/FreeBSD-SA-23:19.openssh.asc,,,,large_concentrated
FreeBSD-SA-24:01,2024,2024-02-14,bhyveload(8) host file access,core,bhyveload,tool,Yes,CVE-2024-25940,,All supported versions of FreeBSD.,426b28fdf700; f5bb597829e1; 78345dbd7a00; 48598b1670ce,,https://github.com/freebsd/freebsd-src/commit/426b28fdf700; https://github.com/freebsd/freebsd-src/commit/f5bb597829e1; https://github.com/freebsd/freebsd-src/commit/78345dbd7a00; https://github.com/freebsd/freebsd-src/commit/48598b1670ce,,3,https://raw.githubusercontent.com/freebsd/freebsd-doc/main/website/static/security/advisories/FreeBSD-SA-24:01.bhyveload.asc,,,,focused
FreeBSD-SA-24:02,2024,2024-02-14,jail(2) information leak,core,tty,kernel,,CVE-2024-25941,,All supported versions of FreeBSD.,215bb03edc54; 4d354159d150; 9bff7ec98354; 17257e6e9a23,,https://github.com/freebsd/freebsd-src/commit/215bb03edc54; https://github.com/freebsd/freebsd-src/commit/4d354159d150; https://github.com/freebsd/freebsd-src/commit/9bff7ec98354; https://github.com/freebsd/freebsd-src/commit/17257e6e9a23,,3,https://raw.githubusercontent.com/freebsd/freebsd-doc/main/website/static/security/advisories/FreeBSD-SA-24:02.tty.asc,,,,
FreeBSD-SA-24:04,2024,2024-07-01,OpenSSH pre-authentication remote code execution,contrib,openssh,tool,Yes,CVE-2024-6387; CVE-2006-5051,,All supported versions of FreeBSD.,620a6a54bb7b; 8f80def8aa08; 70eb00f17b31; 25cf430cd551; e3e0912f2977; 99ad94894edf,,https://github.com/freebsd/freebsd-src/commit/620a6a54bb7b; https://github.com/freebsd/freebsd-src/commit/8f80def8aa08; https://github.com/freebsd/freebsd-src/commit/70eb00f17b31; https://github.com/freebsd/freebsd-src/commit/25cf430cd551; https://github.com/freebsd/freebsd-src/commit/e3e0912f2977; https://github.com/freebsd/freebsd-src/commit/99ad94894edf,,3,https://raw.githubusercontent.com/freebsd/freebsd-doc/main/website/static/security/advisories/FreeBSD-SA-24:04.openssh.asc,,,,focused
FreeBSD-SA-24:05,2024,2024-08-07,pf incorrectly matches different ICMPv6 states in the state table,core,pf,kernel,,CVE-2024-6640,,All supported versions of FreeBSD.,3382c691dc6a; a66d33fcf334; ca9580967e74; 05f91f8dd5ce; 5eb30c313cb0,,https://github.com/freebsd/freebsd-src/commit/3382c691dc6a; https://github.com/freebsd/freebsd-src/commit/a66d33fcf334; https://github.com/freebsd/freebsd-src/commit/ca9580967e74; https://github.com/freebsd/freebsd-src/commit/05f91f8dd5ce; https://github.com/freebsd/freebsd-src/commit/5eb30c313cb0,,3,https://raw.githubusercontent.com/freebsd/freebsd-doc/main/website/static/security/advisories/FreeBSD-SA-24:05.pf.asc,,,,
FreeBSD-SA-24:06,2024,2024-08-07,ktrace(2) fails to detach when executing a setuid binary,core,ktrace,kernel,,CVE-2024-6760,,All supported versions of FreeBSD,8b400c8488f0; 22d04990cee5; c39fb98e4740; f702110bc4bc; 769536bcb5c3,,https://github.com/freebsd/freebsd-src/commit/8b400c8488f0; https://github.com/freebsd/freebsd-src/commit/22d04990cee5; https://github.com/freebsd/freebsd-src/commit/c39fb98e4740; https://github.com/freebsd/freebsd-src/commit/f702110bc4bc; https://github.com/freebsd/freebsd-src/commit/769536bcb5c3,,3,https://raw.githubusercontent.com/freebsd/freebsd-doc/main/website/static/security/advisories/FreeBSD-SA-24:06.ktrace.asc,,,,
FreeBSD-SA-24:07,2024,2024-08-07,NFS client accepts file names containing path separators,core,nfsclient,kernel,,CVE-2024-6759,,All supported versions of FreeBSD,9328ded386d5; 8533e927afc1; 4e7bf17e9db8; 0172b5145ad9; 3d5cb2b9a97c,,https://github.com/freebsd/freebsd-src/commit/9328ded386d5; https://github.com/freebsd/freebsd-src/commit/8533e927afc1; https://github.com/freebsd/freebsd-src/commit/4e7bf17e9db8; https://github.com/freebsd/freebsd-src/commit/0172b5145ad9; https://github.com/freebsd/freebsd-src/commit/3d5cb2b9a97c,,3,https://raw.githubusercontent.com/freebsd/freebsd-doc/main/website/static/security/advisories/FreeBSD-SA-24:07.nfsclient.asc,,,,
FreeBSD-SA-24:08,2024,2024-08-07,OpenSSH pre-authentication async signal safety issue,contrib,openssh,tool,Yes,CVE-2024-7589; CVE-2024-6387; CVE-2006-5051,,All supported versions of FreeBSD.,2abea9df0165,,https://github.com/freebsd/freebsd-src/commit/2abea9df0165,,3,https://raw.githubusercontent.com/freebsd/freebsd-doc/main/website/static/security/advisories/FreeBSD-SA-24:08.openssh.asc,,,,focused
FreeBSD-SA-24:09,2024,2024-09-04,Multiple vulnerabilities in libnv,core,libnv,kernel,,CVE-2024-45287; CVE-2024-45288,,All supported versions of FreeBSD.,9c2ef102166e; d87f821959fb; b219ce1c5a93; 03bef9971d73; 3aa9be7e3334; 33b4e2361c82,,https://github.com/freebsd/freebsd-src/commit/9c2ef102166e; https://github.com/freebsd/freebsd-src/commit/d87f821959fb; https://github.com/freebsd/freebsd-src/commit/b219ce1c5a93; https://github.com/freebsd/freebsd-src/commit/03bef9971d73; https://github.com/freebsd/freebsd-src/commit/3aa9be7e3334; https://github.com/freebsd/freebsd-src/commit/33b4e2361c82,,3,https://raw.githubusercontent.com/freebsd/freebsd-doc/main/website/static/security/advisories/FreeBSD-SA-24:09.libnv.asc,,,,
FreeBSD-SA-24:10,2024,2024-09-04,bhyve(8) privileged guest escape via TPM device passthrough,core,bhyve,tool,Yes,CVE-2024-41928,,FreeBSD 14.x,6ce4821f0859; eab723be7542; 429f200688ca,,https://github.com/freebsd/freebsd-src/commit/6ce4821f0859; https://github.com/freebsd/freebsd-src/commit/eab723be7542; https://github.com/freebsd/freebsd-src/commit/429f200688ca,,3,https://raw.githubusercontent.com/freebsd/freebsd-doc/main/website/static/security/advisories/FreeBSD-SA-24:10.bhyve.asc,,,,focused
FreeBSD-SA-24:11,2024,2024-09-04,Multiple issues in ctl(4) CAM Target Layer,core,ctl,kernel,,CVE-2024-8178; CVE-2024-42416; CVE-2024-43110; CVE-2024-45063,,All supported versions of FreeBSD.,803e0c2ab29b; d30ffde0806e; 4c60b8289d0e; c8afc072690f; 004298792002; 639494a3c1e6,,https://github.com/freebsd/freebsd-src/commit/803e0c2ab29b; https://github.com/freebsd/freebsd-src/commit/d30ffde0806e; https://github.com/freebsd/freebsd-src/commit/4c60b8289d0e; https://github.com/freebsd/freebsd-src/commit/c8afc072690f; https://github.com/freebsd/freebsd-src/commit/004298792002; https://github.com/freebsd/freebsd-src/commit/639494a3c1e6,,3,https://raw.githubusercontent.com/freebsd/freebsd-doc/main/website/static/security/advisories/FreeBSD-SA-24:11.ctl.asc,,,,
FreeBSD-SA-24:12,2024,2024-09-04,bhyve(8) privileged guest escape via USB controller,core,bhyve,tool,Yes,CVE-2024-32668,,All supported versions of FreeBSD.,90af1336ed5e; bb245c142075; 1d01a6c11210; 5920b7e6eea1; b3f0e555781c; 5d6576f4f000,,https://github.com/freebsd/freebsd-src/commit/90af1336ed5e; https://github.com/freebsd/freebsd-src/commit/bb245c142075; https://github.com/freebsd/freebsd-src/commit/1d01a6c11210; https://github.com/freebsd/freebsd-src/commit/5920b7e6eea1; https://github.com/freebsd/freebsd-src/commit/b3f0e555781c; https://github.com/freebsd/freebsd-src/commit/5d6576f4f000,,3,https://raw.githubusercontent.com/freebsd/freebsd-doc/main/website/static/security/advisories/FreeBSD-SA-24:12.bhyve.asc,,,,focused
FreeBSD-SA-24:13,2024,2024-09-03,Possible DoS in X.509 name checks in OpenSSL,contrib,openssl,lib,Yes,CVE-2024-6119,,FreeBSD 14.x,5946b0c6cbc7; 9a5a7c90d5e5; abd3a7939117,,https://github.com/freebsd/freebsd-src/commit/5946b0c6cbc7; https://github.com/freebsd/freebsd-src/commit/9a5a7c90d5e5; https://github.com/freebsd/freebsd-src/commit/abd3a7939117,,3,https://raw.githubusercontent.com/freebsd/freebsd-doc/main/website/static/security/advisories/FreeBSD-SA-24:13.openssl.asc,,,,focused
FreeBSD-SA-24:14,2024,2024-09-04,umtx Kernel panic or Use-After-Free,core,umtx,kernel,,CVE-2024-43102,,All supported versions of FreeBSD.,4938f554469b; f4a2dbb81603; 37823ca38148; a73a70472c47; 7739dab97433; 8fd0fa88b5a6,,https://github.com/freebsd/freebsd-src/commit/4938f554469b; https://github.com/freebsd/freebsd-src/commit/f4a2dbb81603; https://github.com/freebsd/freebsd-src/commit/37823ca38148; https://github.com/freebsd/freebsd-src/commit/a73a70472c47; https://github.com/freebsd/freebsd-src/commit/7739dab97433; https://github.com/freebsd/freebsd-src/commit/8fd0fa88b5a6,,3,https://raw.githubusercontent.com/freebsd/freebsd-doc/main/website/static/security/advisories/FreeBSD-SA-24:14.umtx.asc,,,,
FreeBSD-SA-24:15,2024,2024-09-19,bhyve(8) out-of-bounds read access via XHCI emulation,core,bhyve,tool,Yes,CVE-2024-41721,,All supported versions of FreeBSD.,419da61f8203; 3c6c0dcb5acb; ba46f1174972; 2abd2ad64899; 5f035df278cc; e7a790dc3ffe,,https://github.com/freebsd/freebsd-src/commit/419da61f8203; https://github.com/freebsd/freebsd-src/commit/3c6c0dcb5acb; https://github.com/freebsd/freebsd-src/commit/ba46f1174972; https://github.com/freebsd/freebsd-src/commit/2abd2ad64899; https://github.com/freebsd/freebsd-src/commit/5f035df278cc; https://github.com/freebsd/freebsd-src/commit/e7a790dc3ffe,,3,https://raw.githubusercontent.com/freebsd/freebsd-doc/main/website/static/security/advisories/FreeBSD-SA-24:15.bhyve.asc,,,,focused
FreeBSD-SA-24:16,2024,2024-09-19,Integer overflow in libnv,core,libnv,kernel,,CVE-2024-45287,,All supported versions of FreeBSD.,056c50c48be3; f67468e6e5e2; e9d57be06e23; d84fced6b468; 2cffa6354d9f; 417e81a40091,,https://github.com/freebsd/freebsd-src/commit/056c50c48be3; https://github.com/freebsd/freebsd-src/commit/f67468e6e5e2; https://github.com/freebsd/freebsd-src/commit/e9d57be06e23; https://github.com/freebsd/freebsd-src/commit/d84fced6b468; https://github.com/freebsd/freebsd-src/commit/2cffa6354d9f; https://github.com/freebsd/freebsd-src/commit/417e81a40091,,3,https://raw.githubusercontent.com/freebsd/freebsd-doc/main/website/static/security/advisories/FreeBSD-SA-24:16.libnv.asc,,,,
FreeBSD-SA-24:17,2024,2024-10-29,Multiple issues in the bhyve hypervisor,core,bhyve,tool,Yes,CVE-2024-51562; CVE-2024-51563; CVE-2024-51564; CVE-2024-51565; CVE-2024-51566,,All supported versions of FreeBSD.,86ba5941b132; fcd9a2d8a5bd; df1a36fdfae6; 5d07a7e902fa; adb7b541aea1,,https://github.com/freebsd/freebsd-src/commit/86ba5941b132; https://github.com/freebsd/freebsd-src/commit/fcd9a2d8a5bd; https://github.com/freebsd/freebsd-src/commit/df1a36fdfae6; https://github.com/freebsd/freebsd-src/commit/5d07a7e902fa; https://github.com/freebsd/freebsd-src/commit/adb7b541aea1,,3,https://raw.githubusercontent.com/freebsd/freebsd-doc/main/website/static/security/advisories/FreeBSD-SA-24:17.bhyve.asc,,,,focused
FreeBSD-SA-24:18,2024,2024-10-29,Unbounded allocation in ctl(4) CAM Target Layer,core,ctl,kernel,,CVE-2024-39281,,All supported versions of FreeBSD.,2e7f4728fa73; a8df23541444; 367d8c86a182; e389eb99fb63; 9867aebc1d04,,https://github.com/freebsd/freebsd-src/commit/2e7f4728fa73; https://github.com/freebsd/freebsd-src/commit/a8df23541444; https://github.com/freebsd/freebsd-src/commit/367d8c86a182; https://github.com/freebsd/freebsd-src/commit/e389eb99fb63; https://github.com/freebsd/freebsd-src/commit/9867aebc1d04,,3,https://raw.githubusercontent.com/freebsd/freebsd-doc/main/website/static/security/advisories/FreeBSD-SA-24:18.ctl.asc,,,,
FreeBSD-SA-24:19,2024,2024-10-29,Certificate revocation list fetch(1) option fails,core,fetch,tool,Yes,CVE-2024-45289,,All supported versions of FreeBSD.,51676e0a3bd3; 0e8bf366e6c5; 484724578422; 51f6c450d991; 9f1314a30b4a,,https://github.com/freebsd/freebsd-src/commit/51676e0a3bd3; https://github.com/freebsd/freebsd-src/commit/0e8bf366e6c5; https://github.com/freebsd/freebsd-src/commit/484724578422; https://github.com/freebsd/freebsd-src/commit/51f6c450d991; https://github.com/freebsd/freebsd-src/commit/9f1314a30b4a,,3,https://raw.githubusercontent.com/freebsd/freebsd-doc/main/website/static/security/advisories/FreeBSD-SA-24:19.fetch.asc,,,,focused
FreeBSD-SA-25:01,2025,2025-01-29,OpenSSH Keystroke Obfuscation Bypass,contrib,openssh,tool,Yes,CVE-2024-39894,,FreeBSD 14.1,bf9a275b24f6; 88d5d8108711; 79853e40abd8,,https://github.com/freebsd/freebsd-src/commit/bf9a275b24f6; https://github.com/freebsd/freebsd-src/commit/88d5d8108711; https://github.com/freebsd/freebsd-src/commit/79853e40abd8,,3,https://raw.githubusercontent.com/freebsd/freebsd-doc/main/website/static/security/advisories/FreeBSD-SA-25:01.openssh.asc,,,,focused
FreeBSD-SA-25:02,2025,2025-01-29,Buffer overflow in some filesystems via NFS,core,fs,kernel,,CVE-2025-0373,,All supported versions of FreeBSD.,7a3a0402aeb6; faa47d299a0e; c90866090517; ee931cf4a49c; 0365b776f1b1,,https://github.com/freebsd/freebsd-src/commit/7a3a0402aeb6; https://github.com/freebsd/freebsd-src/commit/faa47d299a0e; https://github.com/freebsd/freebsd-src/commit/c90866090517; https://github.com/freebsd/freebsd-src/commit/ee931cf4a49c; https://github.com/freebsd/freebsd-src/commit/0365b776f1b1,,3,https://raw.githubusercontent.com/freebsd/freebsd-doc/main/website/static/security/advisories/FreeBSD-SA-25:02.fs.asc,,,,
FreeBSD-SA-25:03,2025,2025-01-29,Unprivileged access to system files,core,etcupdate,tool,Yes,CVE-2025-0374,,All supported versions of FreeBSD.,93836ff92be8; c55000e7c233; b8945a926a2f; 17e935f1f327; c1c180910d46,,https://github.com/freebsd/freebsd-src/commit/93836ff92be8; https://github.com/freebsd/freebsd-src/commit/c55000e7c233; https://github.com/freebsd/freebsd-src/commit/b8945a926a2f; https://github.com/freebsd/freebsd-src/commit/17e935f1f327; https://github.com/freebsd/freebsd-src/commit/c1c180910d46,,3,https://raw.githubusercontent.com/freebsd/freebsd-doc/main/website/static/security/advisories/FreeBSD-SA-25:03.etcupdate.asc,,,,focused
FreeBSD-SA-25:04,2025,2025-01-29,Uninitialized kernel memory disclosure via ktrace(2),core,ktrace,kernel,,CVE-2025-0662,,FreeBSD 14.2,99d5ee8738a3; 10f8a9df522f,,https://github.com/freebsd/freebsd-src/commit/99d5ee8738a3; https://github.com/freebsd/freebsd-src/commit/10f8a9df522f,,3,https://raw.githubusercontent.com/freebsd/freebsd-doc/main/website/static/security/advisories/FreeBSD-SA-25:04.ktrace.asc,,,,
FreeBSD-SA-25:05,2025,2025-02-21,Multiple vulnerabilities in OpenSSH,contrib,openssh,tool,Yes,CVE-2025-26465; CVE-2025-26466,,All supported versions of FreeBSD.,24ce323f020f; 4b8a2f716588; fe49460873e0; 2fc62d0bd4f7; 78b4f775184c; 14c733f25493,,https://github.com/freebsd/freebsd-src/commit/24ce323f020f; https://github.com/freebsd/freebsd-src/commit/4b8a2f716588; https://github.com/freebsd/freebsd-src/commit/fe49460873e0; https://github.com/freebsd/freebsd-src/commit/2fc62d0bd4f7; https://github.com/freebsd/freebsd-src/commit/78b4f775184c; https://github.com/freebsd/freebsd-src/commit/14c733f25493,,3,https://raw.githubusercontent.com/freebsd/freebsd-doc/main/website/static/security/advisories/FreeBSD-SA-25:05.openssh.asc,,,,focused
FreeBSD-SA-25:06,2025,2025-07-02,Use-after-free in multi-threaded xz decoder,contrib,xz,tool,Yes,CVE-2025-31115,,FreeBSD 13.5 and FreeBSD 14.2,5cf27a49a2de; 49b07b94662b; 346bb5d3fe19; 95e9c54b3961,,https://github.com/freebsd/freebsd-src/commit/5cf27a49a2de; https://github.com/freebsd/freebsd-src/commit/49b07b94662b; https://github.com/freebsd/freebsd-src/commit/346bb5d3fe19; https://github.com/freebsd/freebsd-src/commit/95e9c54b3961,,3,https://raw.githubusercontent.com/freebsd/freebsd-doc/main/website/static/security/advisories/FreeBSD-SA-25:06.xz.asc,,,,large_concentrated
FreeBSD-SA-25:07,2025,2025-08-08,Integer overflow in libarchive leading to double free,contrib,libarchive,lib,Yes,CVE-2025-5914,,All supported versions of FreeBSD.,6dad4525a291; fb780a82dfbd; c0979bd2734f; f47afeb2ce1e; 798b7b161a71,,https://github.com/freebsd/freebsd-src/commit/6dad4525a291; https://github.com/freebsd/freebsd-src/commit/fb780a82dfbd; https://github.com/freebsd/freebsd-src/commit/c0979bd2734f; https://github.com/freebsd/freebsd-src/commit/f47afeb2ce1e; https://github.com/freebsd/freebsd-src/commit/798b7b161a71,,3,https://raw.githubusercontent.com/freebsd/freebsd-doc/main/website/static/security/advisories/FreeBSD-SA-25:07.libarchive.asc,,,,large_concentrated
FreeBSD-SA-25:08,2025,2025-09-30,Multiple vulnerabilities in OpenSSL,contrib,openssl,lib,Yes,CVE-2025-9230; CVE-2025-9231; CVE-2025-9232,,All supported versions of FreeBSD.,4d6fd774b5b3; 270158508d7c; 75d258af9fe9; 6a0d914d9c3e; c0dbaf2b5dbd; ae7c74cfa531,,https://github.com/freebsd/freebsd-src/commit/4d6fd774b5b3; https://github.com/freebsd/freebsd-src/commit/270158508d7c; https://github.com/freebsd/freebsd-src/commit/75d258af9fe9; https://github.com/freebsd/freebsd-src/commit/6a0d914d9c3e; https://github.com/freebsd/freebsd-src/commit/c0dbaf2b5dbd; https://github.com/freebsd/freebsd-src/commit/ae7c74cfa531,,3,https://raw.githubusercontent.com/freebsd/freebsd-doc/main/website/static/security/advisories/FreeBSD-SA-25:08.openssl.asc,,,,focused
FreeBSD-SA-25:09,2025,2025-10-22,SO_REUSEPORT_LB breaks connect(2) for UDP sockets,core,netinet,kernel,,CVE-2025-24934,,All supported versions of FreeBSD.,ef159100ec2b; 98c539667881; e276759b3687; 058bcb57cd4b; df888c8f41f6; 90e14aa082d3,,https://github.com/freebsd/freebsd-src/commit/ef159100ec2b; https://github.com/freebsd/freebsd-src/commit/98c539667881; https://github.com/freebsd/freebsd-src/commit/e276759b3687; https://github.com/freebsd/freebsd-src/commit/058bcb57cd4b; https://github.com/freebsd/freebsd-src/commit/df888c8f41f6; https://github.com/freebsd/freebsd-src/commit/90e14aa082d3,,3,https://raw.githubusercontent.com/freebsd/freebsd-doc/main/website/static/security/advisories/FreeBSD-SA-25:09.netinet.asc,,,,
FreeBSD-SA-25:11,2025,2025-12-16,ipfw denial of service,core,ipfw,kernel,,CVE-2025-14769,,FreeBSD 13 and 14,deb684f9d1d6; c0cb68169beb; 94360584542a; 60026b06366f,,https://github.com/freebsd/freebsd-src/commit/deb684f9d1d6; https://github.com/freebsd/freebsd-src/commit/c0cb68169beb; https://github.com/freebsd/freebsd-src/commit/94360584542a; https://github.com/freebsd/freebsd-src/commit/60026b06366f,,3,https://raw.githubusercontent.com/freebsd/freebsd-doc/main/website/static/security/advisories/FreeBSD-SA-25:11.ipfw.asc,,,,
FreeBSD-SA-25:12,2025,2025-12-16,Remote code execution via ND6 Router Advertisements,core,rtsold,tool,Yes,CVE-2025-14558,,All supported versions of FreeBSD.,6759fbb1a553; 408f5c61821f; 26702912e857; 3c54b204bf86; 4fef5819cca9; 35cee6a90119,,https://github.com/freebsd/freebsd-src/commit/6759fbb1a553; https://github.com/freebsd/freebsd-src/commit/408f5c61821f; https://github.com/freebsd/freebsd-src/commit/26702912e857; https://github.com/freebsd/freebsd-src/commit/3c54b204bf86; https://github.com/freebsd/freebsd-src/commit/4fef5819cca9; https://github.com/freebsd/freebsd-src/commit/35cee6a90119,,3,https://raw.githubusercontent.com/freebsd/freebsd-doc/main/website/static/security/advisories/FreeBSD-SA-25:12.rtsold.asc,,,,focused
FreeBSD-SA-26:01,2026,2026-01-27,Multiple vulnerabilities in OpenSSL,contrib,openssl,lib,Yes,CVE-2025-11187; CVE-2025-15467; CVE-2025-15468; CVE-2025-15469; CVE-2025-66199; CVE-2025-68160; CVE-2025-69418; CVE-2025-69419; CVE-2025-69420; CVE-2025-69421; CVE-2026-22795; CVE-2026-22796,,All supported versions of FreeBSD.,5626e81f1a43; 02f448fe5cc2; ee8d50bfd59e; 65c1295c6bb0; 1741502f8d93; 9afc16c4e8a2,,https://github.com/freebsd/freebsd-src/commit/5626e81f1a43; https://github.com/freebsd/freebsd-src/commit/02f448fe5cc2; https://github.com/freebsd/freebsd-src/commit/ee8d50bfd59e; https://github.com/freebsd/freebsd-src/commit/65c1295c6bb0; https://github.com/freebsd/freebsd-src/commit/1741502f8d93; https://github.com/freebsd/freebsd-src/commit/9afc16c4e8a2,,3,https://raw.githubusercontent.com/freebsd/freebsd-doc/main/website/static/security/advisories/FreeBSD-SA-26:01.openssl.asc,,,,focused
FreeBSD-SA-26:02,2026,2026-01-27,Jail escape by a privileged user via nullfs,core,jail,kernel,,CVE-2025-15547,,FreeBSD 14.3 and 13.5,53963866f708; 193ae464aa36; f0fbaa71a5a2; e87a5dd8054a,,https://github.com/freebsd/freebsd-src/commit/53963866f708; https://github.com/freebsd/freebsd-src/commit/193ae464aa36; https://github.com/freebsd/freebsd-src/commit/f0fbaa71a5a2; https://github.com/freebsd/freebsd-src/commit/e87a5dd8054a,,3,https://raw.githubusercontent.com/freebsd/freebsd-doc/main/website/static/security/advisories/FreeBSD-SA-26:02.jail.asc,,,,
FreeBSD-SA-26:03,2026,2026-02-10,blocklistd(8) socket leak,core,blocklistd,tool,Yes,CVE-2026-2261,,FreeBSD 15.0,1864a03eb2ac; e4781e4e6d88,,https://github.com/freebsd/freebsd-src/commit/1864a03eb2ac; https://github.com/freebsd/freebsd-src/commit/e4781e4e6d88,,3,https://raw.githubusercontent.com/freebsd/freebsd-doc/main/website/static/security/advisories/FreeBSD-SA-26:03.blocklistd.asc,,,,focused
FreeBSD-SA-26:04,2026,2026-02-24,Jail chroot escape via fd exchange with a different jail,core,jail,kernel,,CVE-2025-15576,,FreeBSD 14.3 and 13.5.,3ad3ab5f9b6e; fbc35b3e6615; 73530e4c2ea9; e6b96891ef7c,,https://github.com/freebsd/freebsd-src/commit/3ad3ab5f9b6e; https://github.com/freebsd/freebsd-src/commit/fbc35b3e6615; https://github.com/freebsd/freebsd-src/commit/73530e4c2ea9; https://github.com/freebsd/freebsd-src/commit/e6b96891ef7c,,3,https://raw.githubusercontent.com/freebsd/freebsd-doc/main/website/static/security/advisories/FreeBSD-SA-26:04.jail.asc,,,,
FreeBSD-SA-26:05,2026,2026-02-24,Local DoS and possible privilege escalation via routing sockets,core,route,kernel,,CVE-2026-3038,,All supported versions of FreeBSD.,df932377e7dd; 5de6a55c70ba; 1eb2beb3686c; 7465d0b094b7; d521badafdaa; 8b476ffc4ea3; c2e2bfbd9e09,,https://github.com/freebsd/freebsd-src/commit/df932377e7dd; https://github.com/freebsd/freebsd-src/commit/5de6a55c70ba; https://github.com/freebsd/freebsd-src/commit/1eb2beb3686c; https://github.com/freebsd/freebsd-src/commit/7465d0b094b7; https://github.com/freebsd/freebsd-src/commit/d521badafdaa; https://github.com/freebsd/freebsd-src/commit/8b476ffc4ea3; https://github.com/freebsd/freebsd-src/commit/c2e2bfbd9e09,,3,https://raw.githubusercontent.com/freebsd/freebsd-doc/main/website/static/security/advisories/FreeBSD-SA-26:05.route.asc,,,,
FreeBSD-SA-26:06,2026,2026-03-26,TCP: remotely exploitable DoS vector (mbuf leak),core,tcp,kernel,,CVE-2026-4247,,FreeBSD 14.x and FreeBSD 15.0,1fddb5435315; de9e5d82581e; b45e7530ffb9; 44dd8b58394b; a9cba5321021,,https://github.com/freebsd/freebsd-src/commit/1fddb5435315; https://github.com/freebsd/freebsd-src/commit/de9e5d82581e; https://github.com/freebsd/freebsd-src/commit/b45e7530ffb9; https://github.com/freebsd/freebsd-src/commit/44dd8b58394b; https://github.com/freebsd/freebsd-src/commit/a9cba5321021,,3,https://raw.githubusercontent.com/freebsd/freebsd-doc/main/website/static/security/advisories/FreeBSD-SA-26:06.tcp.asc,,,,
FreeBSD-SA-26:07,2026,2026-03-26,Remote denial of service via null pointer dereference,core,nvmf,kernel,,CVE-2026-4652,,FreeBSD 15.0,b1d32521747f; 48766013063a,,https://github.com/freebsd/freebsd-src/commit/b1d32521747f; https://github.com/freebsd/freebsd-src/commit/48766013063a,,3,https://raw.githubusercontent.com/freebsd/freebsd-doc/main/website/static/security/advisories/FreeBSD-SA-26:07.nvmf.asc,,,,
FreeBSD-SA-26:08,2026,2026-03-26,Remote code execution via RPCSEC_GSS packet validation,core,rpcsec_gss,kernel,,CVE-2026-4747,,All supported versions of FreeBSD.,1b00fdc1f3cd; 4ec1b6213463; e5ed09ffd592; 7ea03a4238e8; b6ce88ab9a5f; 99ec7f9b9e48; c4f53a1adbd4,,https://github.com/freebsd/freebsd-src/commit/1b00fdc1f3cd; https://github.com/freebsd/freebsd-src/commit/4ec1b6213463; https://github.com/freebsd/freebsd-src/commit/e5ed09ffd592; https://github.com/freebsd/freebsd-src/commit/7ea03a4238e8; https://github.com/freebsd/freebsd-src/commit/b6ce88ab9a5f; https://github.com/freebsd/freebsd-src/commit/99ec7f9b9e48; https://github.com/freebsd/freebsd-src/commit/c4f53a1adbd4,,3,https://raw.githubusercontent.com/freebsd/freebsd-doc/main/website/static/security/advisories/FreeBSD-SA-26:08.rpcsec_gss.asc,,,dual_scope: sys/rpc/rpcsec_gss/(kernel) + lib/librpcsec_gss/(userspace) both fixed,
FreeBSD-SA-26:09,2026,2026-03-25,pf silently ignores certain rules,core,pf,kernel,,CVE-2026-4748,,FreeBSD 14.x and FreeBSD 15.0,4311217a039c; d91cf52e31ac; e3b801edded9; b6865bca4ba5; c03577d99d2d,,https://github.com/freebsd/freebsd-src/commit/4311217a039c; https://github.com/freebsd/freebsd-src/commit/d91cf52e31ac; https://github.com/freebsd/freebsd-src/commit/e3b801edded9; https://github.com/freebsd/freebsd-src/commit/b6865bca4ba5; https://github.com/freebsd/freebsd-src/commit/c03577d99d2d,,3,https://raw.githubusercontent.com/freebsd/freebsd-doc/main/website/static/security/advisories/FreeBSD-SA-26:09.pf.asc,,,,
FreeBSD-SA-26:10,2026,2026-04-21,Kernel use-after-free bug in the TIOCNOTTY handler,core,tty,kernel,,CVE-2026-5398,,All supported versions of FreeBSD.,0c6b1e0864b8; fdee312d0c97; f46210a7ab32; af294329c57f; 44077c07f19f; 5eae7f23fe0e; 2862a33bdd1c,,https://github.com/freebsd/freebsd-src/commit/0c6b1e0864b8; https://github.com/freebsd/freebsd-src/commit/fdee312d0c97; https://github.com/freebsd/freebsd-src/commit/f46210a7ab32; https://github.com/freebsd/freebsd-src/commit/af294329c57f; https://github.com/freebsd/freebsd-src/commit/44077c07f19f; https://github.com/freebsd/freebsd-src/commit/5eae7f23fe0e; https://github.com/freebsd/freebsd-src/commit/2862a33bdd1c,,3,https://raw.githubusercontent.com/freebsd/freebsd-doc/main/website/static/security/advisories/FreeBSD-SA-26:10.tty.asc,,,,
FreeBSD-SA-26:11,2026,2026-04-21,Missing large page handling in pmap_pkru_update_range(),core,amd64,kernel,,CVE-2026-6386,,All supported versions of FreeBSD.,9331e62e8b80; 649db49403a7; 4c0e5e3cc441; 5787df30dc3e; 979e645dd25e; b8fc56193068; a2f6f2d00125,,https://github.com/freebsd/freebsd-src/commit/9331e62e8b80; https://github.com/freebsd/freebsd-src/commit/649db49403a7; https://github.com/freebsd/freebsd-src/commit/4c0e5e3cc441; https://github.com/freebsd/freebsd-src/commit/5787df30dc3e; https://github.com/freebsd/freebsd-src/commit/979e645dd25e; https://github.com/freebsd/freebsd-src/commit/b8fc56193068; https://github.com/freebsd/freebsd-src/commit/a2f6f2d00125,,3,https://raw.githubusercontent.com/freebsd/freebsd-doc/main/website/static/security/advisories/FreeBSD-SA-26:11.amd64.asc,,,,
FreeBSD-SA-26:12,2026,2026-04-29,Remote code execution via malicious DHCP options,core,dhclient,tool,Yes,CVE-2026-42511,,All supported versions of FreeBSD.,2621f6c5d4ae; e7b4fb41aafa; b3087e05e848; 73b801e3b5b3; dda71167a101; 46c01e4dd102; a2d45189b9ee,,https://github.com/freebsd/freebsd-src/commit/2621f6c5d4ae; https://github.com/freebsd/freebsd-src/commit/e7b4fb41aafa; https://github.com/freebsd/freebsd-src/commit/b3087e05e848; https://github.com/freebsd/freebsd-src/commit/73b801e3b5b3; https://github.com/freebsd/freebsd-src/commit/dda71167a101; https://github.com/freebsd/freebsd-src/commit/46c01e4dd102; https://github.com/freebsd/freebsd-src/commit/a2d45189b9ee,,3,https://raw.githubusercontent.com/freebsd/freebsd-doc/main/website/static/security/advisories/FreeBSD-SA-26:12.dhclient.asc,,,,focused
FreeBSD-SA-26:13,2026,2026-04-29,Local privilege escalation via execve(),core,exec,kernel,,CVE-2026-7270,,All supported versions of FreeBSD.,c3e943e78e06; 934b48683c4f; ae00a52921ca; 943aa64ba91a; f04c40607b8f; d619e3a3c0ec; 7c5c37ac8f8f,,https://github.com/freebsd/freebsd-src/commit/c3e943e78e06; https://github.com/freebsd/freebsd-src/commit/934b48683c4f; https://github.com/freebsd/freebsd-src/commit/ae00a52921ca; https://github.com/freebsd/freebsd-src/commit/943aa64ba91a; https://github.com/freebsd/freebsd-src/commit/f04c40607b8f; https://github.com/freebsd/freebsd-src/commit/d619e3a3c0ec; https://github.com/freebsd/freebsd-src/commit/7c5c37ac8f8f,,3,https://raw.githubusercontent.com/freebsd/freebsd-doc/main/website/static/security/advisories/FreeBSD-SA-26:13.exec.asc,,,,
FreeBSD-SA-26:14,2026,2026-04-29,pf can overflow the stack parsing crafted SCTP packets,core,pf,kernel,,CVE-2026-7164,,All supported versions of FreeBSD.,e1c9f92130e8; c01d9bcf0cf6; ba21845e94dd; 0cbe512c7a80; 63495b09ccf5; ed0e766f1256; 0ab05345fb40,,https://github.com/freebsd/freebsd-src/commit/e1c9f92130e8; https://github.com/freebsd/freebsd-src/commit/c01d9bcf0cf6; https://github.com/freebsd/freebsd-src/commit/ba21845e94dd; https://github.com/freebsd/freebsd-src/commit/0cbe512c7a80; https://github.com/freebsd/freebsd-src/commit/63495b09ccf5; https://github.com/freebsd/freebsd-src/commit/ed0e766f1256; https://github.com/freebsd/freebsd-src/commit/0ab05345fb40,,3,https://raw.githubusercontent.com/freebsd/freebsd-doc/main/website/static/security/advisories/FreeBSD-SA-26:14.pf.asc,,,,
FreeBSD-SA-26:15,2026,2026-04-29,Remotely triggerable out-of-bounds heap write in dhclient,core,dhclient,tool,Yes,CVE-2026-42512,,All supported versions of FreeBSD.,4408b683d237; 66d6c32ce7b8; a813012f4b76; d60456d859a1; 76734958a098; 5d3e93fda7ce; 5a5e7883a3bb,,https://github.com/freebsd/freebsd-src/commit/4408b683d237; https://github.com/freebsd/freebsd-src/commit/66d6c32ce7b8; https://github.com/freebsd/freebsd-src/commit/a813012f4b76; https://github.com/freebsd/freebsd-src/commit/d60456d859a1; https://github.com/freebsd/freebsd-src/commit/76734958a098; https://github.com/freebsd/freebsd-src/commit/5d3e93fda7ce; https://github.com/freebsd/freebsd-src/commit/5a5e7883a3bb,,3,https://raw.githubusercontent.com/freebsd/freebsd-doc/main/website/static/security/advisories/FreeBSD-SA-26:15.dhclient.asc,,,,focused
FreeBSD-SA-26:16,2026,2026-04-29,Stack overflow via select() file descriptor set overflow,core,libnv,lib,Yes,CVE-2026-39457,,All supported versions of FreeBSD.,025789eaa648; 7e4d5363ddce; 45809b0e1bc1; a5cb4863d65a; a872c32f389e; 4acc2b5c61a7; 32d12677ff45,,https://github.com/freebsd/freebsd-src/commit/025789eaa648; https://github.com/freebsd/freebsd-src/commit/7e4d5363ddce; https://github.com/freebsd/freebsd-src/commit/45809b0e1bc1; https://github.com/freebsd/freebsd-src/commit/a5cb4863d65a; https://github.com/freebsd/freebsd-src/commit/a872c32f389e; https://github.com/freebsd/freebsd-src/commit/4acc2b5c61a7; https://github.com/freebsd/freebsd-src/commit/32d12677ff45,,3,https://raw.githubusercontent.com/freebsd/freebsd-doc/main/website/static/security/advisories/FreeBSD-SA-26:16.libnv.asc,,,,focused
FreeBSD-SA-26:17,2026,2026-04-29,Heap overflow in libnv,core,libnv,kernel,,CVE-2026-35547,,All supported versions of FreeBSD.,414e25d7d512; b345e07c8d71; 1cbd6e148249; 4f0992ce23b0; aa15809f85de; 05b91c2a7106; f7f48005fbe2,,https://github.com/freebsd/freebsd-src/commit/414e25d7d512; https://github.com/freebsd/freebsd-src/commit/b345e07c8d71; https://github.com/freebsd/freebsd-src/commit/1cbd6e148249; https://github.com/freebsd/freebsd-src/commit/4f0992ce23b0; https://github.com/freebsd/freebsd-src/commit/aa15809f85de; https://github.com/freebsd/freebsd-src/commit/05b91c2a7106; https://github.com/freebsd/freebsd-src/commit/f7f48005fbe2,,3,https://raw.githubusercontent.com/freebsd/freebsd-doc/main/website/static/security/advisories/FreeBSD-SA-26:17.libnv.asc,,,,
FreeBSD-SA-26:18,2026,2026-05-20,Stack buffer overflow via setcred(2),core,setcred,kernel,,CVE-2026-45250,,All supported versions of FreeBSD.,b6cba9028457; d98c0a494a42; 8eb0bbbd2e46; 34da5845b8d4; bfff5c180193,,https://github.com/freebsd/freebsd-src/commit/b6cba9028457; https://github.com/freebsd/freebsd-src/commit/d98c0a494a42; https://github.com/freebsd/freebsd-src/commit/8eb0bbbd2e46; https://github.com/freebsd/freebsd-src/commit/34da5845b8d4; https://github.com/freebsd/freebsd-src/commit/bfff5c180193,,3,https://raw.githubusercontent.com/freebsd/freebsd-doc/main/website/static/security/advisories/FreeBSD-SA-26:18.setcred.asc,,,,
FreeBSD-SA-26:19,2026,2026-05-20,Kernel use-after-free via file descriptor syscalls,core,file,kernel,,CVE-2026-45251,,All supported versions of FreeBSD.,4c09834afad0,,https://github.com/freebsd/freebsd-src/commit/4c09834afad0,,3,https://raw.githubusercontent.com/freebsd/freebsd-doc/main/website/static/security/advisories/FreeBSD-SA-26:19.file.asc,,,"module 'file' refers to file-descriptor vnode ops, not file(1); reclassified to kernel",
FreeBSD-SA-26:20,2026,2026-05-20,Heap overflow in FUSE_LISTXATTR,core,fusefs,kernel,,CVE-2026-45252,,All supported versions of FreeBSD.,df3f3fa82775; 0dd8b983db3c; 25148c51c8c6; 6a299460f159; 53f3bf4ee1ce,,https://github.com/freebsd/freebsd-src/commit/df3f3fa82775; https://github.com/freebsd/freebsd-src/commit/0dd8b983db3c; https://github.com/freebsd/freebsd-src/commit/25148c51c8c6; https://github.com/freebsd/freebsd-src/commit/6a299460f159; https://github.com/freebsd/freebsd-src/commit/53f3bf4ee1ce,,3,https://raw.githubusercontent.com/freebsd/freebsd-doc/main/website/static/security/advisories/FreeBSD-SA-26:20.fusefs.asc,,,,
FreeBSD-SA-26:21,2026,2026-05-20,Missing validation in ptrace(PT_SC_REMOTE),core,ptrace,kernel,,CVE-2026-45253,,All supported versions of FreeBSD.,3b4afab9add2; fd24dd0b38a8; fac902a3e039; c21d23f0f8be; 45bd421661c4,,https://github.com/freebsd/freebsd-src/commit/3b4afab9add2; https://github.com/freebsd/freebsd-src/commit/fd24dd0b38a8; https://github.com/freebsd/freebsd-src/commit/fac902a3e039; https://github.com/freebsd/freebsd-src/commit/c21d23f0f8be; https://github.com/freebsd/freebsd-src/commit/45bd421661c4,,3,https://raw.githubusercontent.com/freebsd/freebsd-doc/main/website/static/security/advisories/FreeBSD-SA-26:21.ptrace.asc,,,,
FreeBSD-SA-26:22,2026,2026-05-20,select(2) file descriptor set overflow causes stack overflow,core,libcasper,lib,Yes,CVE-2026-39461,,All supported versions of FreeBSD.,23929d729d1a; e22f3f55c360; 9e74d5e2e5e4; ae34dd1a391f; cbec31838173,,https://github.com/freebsd/freebsd-src/commit/23929d729d1a; https://github.com/freebsd/freebsd-src/commit/e22f3f55c360; https://github.com/freebsd/freebsd-src/commit/9e74d5e2e5e4; https://github.com/freebsd/freebsd-src/commit/ae34dd1a391f; https://github.com/freebsd/freebsd-src/commit/cbec31838173,,3,https://raw.githubusercontent.com/freebsd/freebsd-doc/main/website/static/security/advisories/FreeBSD-SA-26:22.libcasper.asc,,,,focused
FreeBSD-SA-26:23,2026,2026-05-20,Remote code execution via installer Wi-Fi access point scans,core,bsdinstall,tool,Yes,CVE-2026-45255,,All supported versions of FreeBSD.,0f15f5359041,,https://github.com/freebsd/freebsd-src/commit/0f15f5359041,,3,https://raw.githubusercontent.com/freebsd/freebsd-doc/main/website/static/security/advisories/FreeBSD-SA-26:23.bsdinstall.asc,,,,focused
FreeBSD-SA-26:24,2026,2026-05-20,Incorrect libcap_net limitation list manipulation,core,cap_net,lib,Yes,CVE-2026-45254,,All supported versions of FreeBSD.,7eb3fd691d64; f69df16fcc20; b79faca1c596; f977328c7277; b3baecf08405,,https://github.com/freebsd/freebsd-src/commit/7eb3fd691d64; https://github.com/freebsd/freebsd-src/commit/f69df16fcc20; https://github.com/freebsd/freebsd-src/commit/b79faca1c596; https://github.com/freebsd/freebsd-src/commit/f977328c7277; https://github.com/freebsd/freebsd-src/commit/b3baecf08405,,3,https://raw.githubusercontent.com/freebsd/freebsd-doc/main/website/static/security/advisories/FreeBSD-SA-26:24.cap_net.asc,,,,focused
FreeBSD-SA-26:25,2026,2026-06-09,Missing permission check in thr_kill2(2),core,thr,kernel,,CVE-2026-45256,,All supported versions of FreeBSD,afa0c67a1ba3; 068168fefd4b; 6f6c7b996719; 72ad7baa99c7; 31f6086db8fe; fa5581c379fe,,https://github.com/freebsd/freebsd-src/commit/afa0c67a1ba3; https://github.com/freebsd/freebsd-src/commit/068168fefd4b; https://github.com/freebsd/freebsd-src/commit/6f6c7b996719; https://github.com/freebsd/freebsd-src/commit/72ad7baa99c7; https://github.com/freebsd/freebsd-src/commit/31f6086db8fe; https://github.com/freebsd/freebsd-src/commit/fa5581c379fe,,3,https://raw.githubusercontent.com/freebsd/freebsd-doc/main/website/static/security/advisories/FreeBSD-SA-26:25.thr.asc,,,,
FreeBSD-SA-26:26,2026,2026-06-09,Arbitrary file overwrite via the KTLS receive path,core,ktls,kernel,,CVE-2026-45257,,All supported versions of FreeBSD,a51345704403; 48c1c5e3c348; 540a315cdb46; 333bdd7e9427; d43259dd66b3; af3398862ac0,,https://github.com/freebsd/freebsd-src/commit/a51345704403; https://github.com/freebsd/freebsd-src/commit/48c1c5e3c348; https://github.com/freebsd/freebsd-src/commit/540a315cdb46; https://github.com/freebsd/freebsd-src/commit/333bdd7e9427; https://github.com/freebsd/freebsd-src/commit/d43259dd66b3; https://github.com/freebsd/freebsd-src/commit/af3398862ac0,,3,https://raw.githubusercontent.com/freebsd/freebsd-doc/main/website/static/security/advisories/FreeBSD-SA-26:26.ktls.asc,,,,
FreeBSD-SA-26:27,2026,2026-06-09,Multiple vulnerabilities in the sound(4) mmap path,core,sound,kernel,,CVE-2026-45258; CVE-2026-49417,,All supported versions of FreeBSD.,7628e1ddfd52; abc077216bac; bda153dc04b4; f8f9050d61dd; 0e8cc8d8a49f; de5fd56985c3,,https://github.com/freebsd/freebsd-src/commit/7628e1ddfd52; https://github.com/freebsd/freebsd-src/commit/abc077216bac; https://github.com/freebsd/freebsd-src/commit/bda153dc04b4; https://github.com/freebsd/freebsd-src/commit/f8f9050d61dd; https://github.com/freebsd/freebsd-src/commit/0e8cc8d8a49f; https://github.com/freebsd/freebsd-src/commit/de5fd56985c3,,3,https://raw.githubusercontent.com/freebsd/freebsd-doc/main/website/static/security/advisories/FreeBSD-SA-26:27.sound.asc,,,,
FreeBSD-SA-26:28,2026,2026-06-09,sigqueue(2) missing capability mode restriction,core,capsicum,kernel,,CVE-2026-45259,,All supported versions of FreeBSD.,defd9b86ef99; 871d33e8a66a; 77ee83d12625; d11ff01b3aec; eab757f954ed; f56e8cb94df6,,https://github.com/freebsd/freebsd-src/commit/defd9b86ef99; https://github.com/freebsd/freebsd-src/commit/871d33e8a66a; https://github.com/freebsd/freebsd-src/commit/77ee83d12625; https://github.com/freebsd/freebsd-src/commit/d11ff01b3aec; https://github.com/freebsd/freebsd-src/commit/eab757f954ed; https://github.com/freebsd/freebsd-src/commit/f56e8cb94df6,,3,https://raw.githubusercontent.com/freebsd/freebsd-doc/main/website/static/security/advisories/FreeBSD-SA-26:28.capsicum.asc,,,,
FreeBSD-SA-26:29,2026,2026-06-09,Use-after-free bug in the IPV6_MSFILTER socket option handler,core,ip6_multicast,kernel,,CVE-2026-49412,,All supported versions of FreeBSD,ce2b95932ec2; 3d80e4aec3c1; ed4692b8226e; 522182827ea1; a7062a6de005; e6859453de61,,https://github.com/freebsd/freebsd-src/commit/ce2b95932ec2; https://github.com/freebsd/freebsd-src/commit/3d80e4aec3c1; https://github.com/freebsd/freebsd-src/commit/ed4692b8226e; https://github.com/freebsd/freebsd-src/commit/522182827ea1; https://github.com/freebsd/freebsd-src/commit/a7062a6de005; https://github.com/freebsd/freebsd-src/commit/e6859453de61,,3,https://raw.githubusercontent.com/freebsd/freebsd-doc/main/website/static/security/advisories/FreeBSD-SA-26:29.ip6_multicast.asc,,,,
FreeBSD-SA-26:30,2026,2026-06-09,Flaw in Linuxulator execution of setugid binaries,core,linux,kernel,,CVE-2026-49413,,All supported versions of FreeBSD,3ac9726c4269; a4d36c975be0; 0b18ec59972b; ff411cc40cd4; 3fe092282025; 0dcf9bba4b9f,,https://github.com/freebsd/freebsd-src/commit/3ac9726c4269; https://github.com/freebsd/freebsd-src/commit/a4d36c975be0; https://github.com/freebsd/freebsd-src/commit/0b18ec59972b; https://github.com/freebsd/freebsd-src/commit/ff411cc40cd4; https://github.com/freebsd/freebsd-src/commit/3fe092282025; https://github.com/freebsd/freebsd-src/commit/0dcf9bba4b9f,,3,https://raw.githubusercontent.com/freebsd/freebsd-doc/main/website/static/security/advisories/FreeBSD-SA-26:30.linux.asc,,,,
FreeBSD-SA-26:31,2026,2026-06-09,Arm CPU errata may bypass page table permission changes,core,arm64,kernel,,CVE-2025-10263,,All supported versions of FreeBSD,9d9d6c6e6081; 81435fc0882c; a53619675cdc; e99aa8682dba; 889e306ded21; 61d0cea4c00f,,https://github.com/freebsd/freebsd-src/commit/9d9d6c6e6081; https://github.com/freebsd/freebsd-src/commit/81435fc0882c; https://github.com/freebsd/freebsd-src/commit/a53619675cdc; https://github.com/freebsd/freebsd-src/commit/e99aa8682dba; https://github.com/freebsd/freebsd-src/commit/889e306ded21; https://github.com/freebsd/freebsd-src/commit/61d0cea4c00f,,3,https://raw.githubusercontent.com/freebsd/freebsd-doc/main/website/static/security/advisories/FreeBSD-SA-26:31.arm64.asc,,,,
FreeBSD-SA-26:32,2026,2026-06-09,ASLR bypass for setuid executables via procctl(2),core,elf,kernel,,CVE-2026-49414,,All supported versions of FreeBSD,e1cdc49846c1; 796579bcfbc4; 6e51dfc401e7; e417948e6139; 547fc2a98a24; 744f62ccbf82,,https://github.com/freebsd/freebsd-src/commit/e1cdc49846c1; https://github.com/freebsd/freebsd-src/commit/796579bcfbc4; https://github.com/freebsd/freebsd-src/commit/6e51dfc401e7; https://github.com/freebsd/freebsd-src/commit/e417948e6139; https://github.com/freebsd/freebsd-src/commit/547fc2a98a24; https://github.com/freebsd/freebsd-src/commit/744f62ccbf82,,3,https://raw.githubusercontent.com/freebsd/freebsd-doc/main/website/static/security/advisories/FreeBSD-SA-26:32.elf.asc,,,,
FreeBSD-SA-26:34,2026,2026-06-09,Integer overflow in vt(4) CONS_HISTORY ioctl,core,vt,kernel,,CVE-2026-49416,,All supported versions of FreeBSD,deaaddf1d3c4; 8ed11b21e544; f4cf977dfe92; b5a4f4bfbc95; 799e830134d5; 9cba21c2de16,,https://github.com/freebsd/freebsd-src/commit/deaaddf1d3c4; https://github.com/freebsd/freebsd-src/commit/8ed11b21e544; https://github.com/freebsd/freebsd-src/commit/f4cf977dfe92; https://github.com/freebsd/freebsd-src/commit/b5a4f4bfbc95; https://github.com/freebsd/freebsd-src/commit/799e830134d5; https://github.com/freebsd/freebsd-src/commit/9cba21c2de16,,3,https://raw.githubusercontent.com/freebsd/freebsd-doc/main/website/static/security/advisories/FreeBSD-SA-26:34.vt.asc,,,,
FreeBSD-SA-26:35,2026,2026-06-09,Multiple vulnerabilities in OpenSSL,contrib,openssl,lib,Yes,CVE-2026-7383; CVE-2026-9076; CVE-2026-34180; CVE-2026-34181; CVE-2026-34182; CVE-2026-34183; CVE-2026-42764; CVE-2026-42766; CVE-2026-42767; CVE-2026-42768; CVE-2026-42769; CVE-2026-42770; CVE-2026-45445; CVE-2026-45446; CVE-2026-45447,,All supported versions of FreeBSD.,865c8ff56693; 083bb80a125a; 0d6ccbb7524f; ec6bfa889b83; 1929d9e173e5; dd3096b4efe6,,https://github.com/freebsd/freebsd-src/commit/865c8ff56693; https://github.com/freebsd/freebsd-src/commit/083bb80a125a; https://github.com/freebsd/freebsd-src/commit/0d6ccbb7524f; https://github.com/freebsd/freebsd-src/commit/ec6bfa889b83; https://github.com/freebsd/freebsd-src/commit/1929d9e173e5; https://github.com/freebsd/freebsd-src/commit/dd3096b4efe6,,3,https://raw.githubusercontent.com/freebsd/freebsd-doc/main/website/static/security/advisories/FreeBSD-SA-26:35.openssl.asc,,,,medium
FreeBSD-SA-26:36,2026,2026-06-09,Insufficient response validation in the ldns stub resolver,contrib,ldns,lib,Yes,CVE-2026-10846,,All supported versions of FreeBSD.,20bfab98f8ae; 157d99d7ec9b; fbb19baa29ce; 5719a342555b; 410ab2bff36f; f61d7fc2ba85,,https://github.com/freebsd/freebsd-src/commit/20bfab98f8ae; https://github.com/freebsd/freebsd-src/commit/157d99d7ec9b; https://github.com/freebsd/freebsd-src/commit/fbb19baa29ce; https://github.com/freebsd/freebsd-src/commit/5719a342555b; https://github.com/freebsd/freebsd-src/commit/410ab2bff36f; https://github.com/freebsd/freebsd-src/commit/f61d7fc2ba85,,3,https://raw.githubusercontent.com/freebsd/freebsd-doc/main/website/static/security/advisories/FreeBSD-SA-26:36.ldns.asc,,,,focused
UPSTREAM-OPENSSL-CVE-2026-35188,2026,2026-06-08,"CHANGES.md, NEWS.md: update for 4.0.1",contrib,openssl,lib,Yes,CVE-2026-35188,,,,,,,2,https://github.com/openssl/openssl/commit/eae29e3bc08b,upstream_commit,crypto/openssl,,
UPSTREAM-OPENSSL-CVE-2026-42765,2026,2026-06-08,"CHANGES.md, NEWS.md: update for 4.0.1",contrib,openssl,lib,Yes,CVE-2026-42765,,,,,,,2,https://github.com/openssl/openssl/commit/eae29e3bc08b,upstream_commit,crypto/openssl,,
UPSTREAM-OPENSSL-CVE-2026-42771,2026,2026-06-08,"CHANGES.md, NEWS.md: update for 4.0.1",contrib,openssl,lib,Yes,CVE-2026-42771,,,,,,,2,https://github.com/openssl/openssl/commit/eae29e3bc08b,upstream_commit,crypto/openssl,,
UPSTREAM-OPENSSL-CVE-2026-2673,2026,2026-04-05,"CHANGES.md, NEWS.md: update for 3.6.2",contrib,openssl,lib,Yes,CVE-2026-2673,,,,,,,2,https://github.com/openssl/openssl/commit/43377bb06e84,upstream_commit,crypto/openssl,,
UPSTREAM-OPENSSL-CVE-2026-28386,2026,2026-04-05,"CHANGES.md, NEWS.md: update for 3.6.2",contrib,openssl,lib,Yes,CVE-2026-28386,,,,,,,2,https://github.com/openssl/openssl/commit/43377bb06e84,upstream_commit,crypto/openssl,,
UPSTREAM-OPENSSL-CVE-2026-28387,2026,2026-04-05,"CHANGES.md, NEWS.md: update for 3.6.2",contrib,openssl,lib,Yes,CVE-2026-28387,,,,,,,2,https://github.com/openssl/openssl/commit/43377bb06e84,upstream_commit,crypto/openssl,,
UPSTREAM-OPENSSL-CVE-2026-28388,2026,2026-04-05,"CHANGES.md, NEWS.md: update for 3.6.2",contrib,openssl,lib,Yes,CVE-2026-28388,,,,,,,2,https://github.com/openssl/openssl/commit/43377bb06e84,upstream_commit,crypto/openssl,,
UPSTREAM-OPENSSL-CVE-2026-28389,2026,2026-04-05,"CHANGES.md, NEWS.md: update for 3.6.2",contrib,openssl,lib,Yes,CVE-2026-28389,,,,,,,2,https://github.com/openssl/openssl/commit/43377bb06e84,upstream_commit,crypto/openssl,,
UPSTREAM-OPENSSL-CVE-2026-28390,2026,2026-04-05,"CHANGES.md, NEWS.md: update for 3.6.2",contrib,openssl,lib,Yes,CVE-2026-28390,,,,,,,2,https://github.com/openssl/openssl/commit/43377bb06e84,upstream_commit,crypto/openssl,,
UPSTREAM-OPENSSL-CVE-2026-31789,2026,2026-04-05,"CHANGES.md, NEWS.md: update for 3.6.2",contrib,openssl,lib,Yes,CVE-2026-31789,,,,,,,2,https://github.com/openssl/openssl/commit/43377bb06e84,upstream_commit,crypto/openssl,,
UPSTREAM-OPENSSL-CVE-2026-31790,2026,2026-04-05,"CHANGES.md, NEWS.md: update for 3.6.2",contrib,openssl,lib,Yes,CVE-2026-31790,,,,,,,2,https://github.com/openssl/openssl/commit/43377bb06e84,upstream_commit,crypto/openssl,,
UPSTREAM-OPENSSL-CVE-2019-1551,2026,2026-01-23,Fix typo in CHANGES and NEWS entry for CVE-2019-1551,contrib,openssl,lib,Yes,CVE-2019-1551,,,,,,,2,https://github.com/openssl/openssl/commit/24b51ab61c39,upstream_commit,crypto/openssl,,
UPSTREAM-OPENSSL-CVE-2021-4160,2025,2025-11-03,Document CVE-2021-4160,contrib,openssl,lib,Yes,CVE-2021-4160,,,,,,,2,https://github.com/openssl/openssl/commit/134f17d526a5,upstream_commit,crypto/openssl,,
UPSTREAM-OPENSSL-CVE-2025-4575,2025,2025-05-20,apps/x509.c: Fix the -addreject option adding trust instead of rejection,contrib,openssl,lib,Yes,CVE-2025-4575,,,,,,,2,https://github.com/openssl/openssl/commit/0eb9acc24feb,upstream_commit,crypto/openssl,,
UPSTREAM-OPENSSL-CVE-2024-12797,2024,2024-12-19,With SSL_VERIFY_PEER client RPK should abort on X509 error,contrib,openssl,lib,Yes,CVE-2024-12797,,,d2a55e6a9348,,https://github.com/freebsd/freebsd-src/commit/d2a55e6a9348,,3,https://github.com/openssl/openssl/commit/6ae8e947d8e3,upstream_commit,crypto/openssl,,focused
UPSTREAM-OPENSSL-CVE-2024-13176,2025,2025-01-15,Add CHANGES.md and NEWS.md updates for CVE-2024-13176,contrib,openssl,lib,Yes,CVE-2024-13176,,,0d0c8621fd18,,https://github.com/freebsd/freebsd-src/commit/0d0c8621fd18,,3,https://github.com/openssl/openssl/commit/c3144e102571,upstream_commit,crypto/openssl,,large_concentrated
UPSTREAM-OPENSSL-CVE-2024-9143,2024,2024-10-18,Add CHANGES.md and NEWS.md entries for CVE-2024-9143,contrib,openssl,lib,Yes,CVE-2024-9143,,,0d0c8621fd18,,https://github.com/freebsd/freebsd-src/commit/0d0c8621fd18,,3,https://github.com/openssl/openssl/commit/36254fda37fe,upstream_commit,crypto/openssl,,large_concentrated
UPSTREAM-OPENSSL-CVE-2024-5535,2024,2024-09-03,Add CVE-2024-5535 to CHANGES and NEWS,contrib,openssl,lib,Yes,CVE-2024-5535,,,a7148ab39c03,,https://github.com/freebsd/freebsd-src/commit/a7148ab39c03,,3,https://github.com/openssl/openssl/commit/03b22b4d7370,upstream_commit,crypto/openssl,,large_concentrated
UPSTREAM-OPENSSL-CVE-2024-4741,2024,2024-04-26,Further extend the SSL_free_buffers testing,contrib,openssl,lib,Yes,CVE-2024-4741,,,44096ebd22dd,,https://github.com/freebsd/freebsd-src/commit/44096ebd22dd,,3,https://github.com/openssl/openssl/commit/c1bd38a003fa,upstream_commit,crypto/openssl,,large_concentrated
UPSTREAM-OPENSSL-CVE-2024-4603,2024,2024-05-08,Check DSA parameters for excessive sizes before validating,contrib,openssl,lib,Yes,CVE-2024-4603,,,44096ebd22dd,,https://github.com/freebsd/freebsd-src/commit/44096ebd22dd,,3,https://github.com/openssl/openssl/commit/85ccbab216da,upstream_commit,crypto/openssl,,large_concentrated
UPSTREAM-OPENSSL-CVE-2011-4354,2024,2024-04-22,evp_test: Added the special private key that triggers bug (CVE-2011-4354),contrib,openssl,lib,Yes,CVE-2011-4354,,,a8fe2d331be3,,https://github.com/freebsd/freebsd-src/commit/a8fe2d331be3,,3,https://github.com/openssl/openssl/commit/77a30b70ebe4,upstream_commit,crypto/openssl,,focused
UPSTREAM-OPENSSL-CVE-2024-2511,2022,2022-07-15,Add a test for session cache overflow,contrib,openssl,lib,Yes,CVE-2024-2511,,,44096ebd22dd,,https://github.com/freebsd/freebsd-src/commit/44096ebd22dd,,3,https://github.com/openssl/openssl/commit/4a3e8f08306c,upstream_commit,crypto/openssl,,large_concentrated
UPSTREAM-OPENSSL-CVE-2023-5678,2024,2024-01-30,Remove a CVE reference from CHANGES/NEWS,contrib,openssl,lib,Yes,CVE-2023-5678,,,e0c4386e7e71,,https://github.com/freebsd/freebsd-src/commit/e0c4386e7e71,,3,https://github.com/openssl/openssl/commit/afb19f07aecc,upstream_commit,crypto/openssl,,large_concentrated
UPSTREAM-OPENSSL-CVE-2024-0727,2024,2024-01-19,Add some tests for various PKCS12 files with NULL ContentInfo,contrib,openssl,lib,Yes,CVE-2024-0727,,,e0c4386e7e71,,https://github.com/freebsd/freebsd-src/commit/e0c4386e7e71,,3,https://github.com/openssl/openssl/commit/8a85df7c60ba,upstream_commit,crypto/openssl,,large_concentrated
UPSTREAM-OPENSSL-CVE-2023-6237,2024,2024-01-09,Add CHANGES.md and NEWS.md entries for CVE-2023-6237,contrib,openssl,lib,Yes,CVE-2023-6237,,,e0c4386e7e71,,https://github.com/freebsd/freebsd-src/commit/e0c4386e7e71,,3,https://github.com/openssl/openssl/commit/38b2508f6387,upstream_commit,crypto/openssl,,large_concentrated
UPSTREAM-OPENSSL-CVE-2023-6129,2024,2024-01-04,Add CHANGES.md and NEWS.md entries for CVE-2023-6129,contrib,openssl,lib,Yes,CVE-2023-6129,,,e0c4386e7e71,,https://github.com/freebsd/freebsd-src/commit/e0c4386e7e71,,3,https://github.com/openssl/openssl/commit/858c7bc210a4,upstream_commit,crypto/openssl,,large_concentrated
UPSTREAM-OPENSSL-CVE-2023-5363,2023,2023-10-05,test: add unit test for CVE-2023-5363,contrib,openssl,lib,Yes,CVE-2023-5363,,,ad991e4c142e,,https://github.com/freebsd/freebsd-src/commit/ad991e4c142e,,3,https://github.com/openssl/openssl/commit/a2fe10ca39f9,upstream_commit,crypto/openssl,,large_concentrated
UPSTREAM-OPENSSL-CVE-2023-4807,2023,2023-09-08,Add CVE-2023-4807 fix to CHANGES.md and NEWS.md,contrib,openssl,lib,Yes,CVE-2023-4807,,,6f1af0d7d2af,,https://github.com/freebsd/freebsd-src/commit/6f1af0d7d2af,,3,https://github.com/openssl/openssl/commit/0be7510f49e4,upstream_commit,crypto/openssl,,large_concentrated
UPSTREAM-OPENSSL-CVE-2022-4203,2022,2022-12-18,Update X509 fuzzer to verify a chain,contrib,openssl,lib,Yes,CVE-2022-4203,,,,,,,2,https://github.com/openssl/openssl/commit/399c2da08ab9,upstream_commit,crypto/openssl,,
UPSTREAM-OPENSSL-CVE-2023-3817,2023,2023-07-25,Add CHANGES.md and NEWS.md entries for CVE-2023-3817,contrib,openssl,lib,Yes,CVE-2023-3817,,,aa7957345732,,https://github.com/freebsd/freebsd-src/commit/aa7957345732,,3,https://github.com/openssl/openssl/commit/4b29762802c0,upstream_commit,crypto/openssl,,large_concentrated
UPSTREAM-OPENSSL-CVE-2023-3446,2023,2023-07-13,Update CHANGES/NEWS for CVE-2023-3446,contrib,openssl,lib,Yes,CVE-2023-3446,,,aa7957345732,,https://github.com/freebsd/freebsd-src/commit/aa7957345732,,3,https://github.com/openssl/openssl/commit/4ec53ad6e179,upstream_commit,crypto/openssl,,large_concentrated
UPSTREAM-OPENSSL-CVE-2023-2975,2023,2023-07-07,Add CHANGES.md and NEWS.md entries for CVE-2023-2975,contrib,openssl,lib,Yes,CVE-2023-2975,,,aa7957345732,,https://github.com/freebsd/freebsd-src/commit/aa7957345732,,3,https://github.com/openssl/openssl/commit/1e398bec5389,upstream_commit,crypto/openssl,,large_concentrated
UPSTREAM-OPENSSL-CVE-2015-1794,2023,2023-06-21,Check for 0 modulus in BN_RECP_CTX_set.,contrib,openssl,lib,Yes,CVE-2015-1794,,,,,,,2,https://github.com/openssl/openssl/commit/43596b306b1f,upstream_commit,crypto/openssl,,
UPSTREAM-OPENSSL-CVE-2023-0217,2023,2023-01-11,Add decoder fuzzer,contrib,openssl,lib,Yes,CVE-2023-0217,,,,,,,2,https://github.com/openssl/openssl/commit/a9e6100bc984,upstream_commit,crypto/openssl,,
UPSTREAM-OPENSSL-CVE-2023-2650,2023,2023-05-12,Restrict the size of OBJECT IDENTIFIERs that OBJ_obj2txt will translate,contrib,openssl,lib,Yes,CVE-2023-2650,,,,,,,2,https://github.com/openssl/openssl/commit/d63b3e7959e7,upstream_commit,crypto/openssl,,
UPSTREAM-OPENSSL-CVE-2022-37454,2023,2023-05-17,Update hkdf.c to avoid potentially vulnerable code pattern,contrib,openssl,lib,Yes,CVE-2022-37454,,,,,,,2,https://github.com/openssl/openssl/commit/56a51b5a1ecd,upstream_commit,crypto/openssl,,
UPSTREAM-OPENSSL-CVE-2023-1255,2023,2023-04-21,Correct the CHANGES entry for CVE-2023-1255,contrib,openssl,lib,Yes,CVE-2023-1255,,,,,,,2,https://github.com/openssl/openssl/commit/e6990079c241,upstream_commit,crypto/openssl,,
UPSTREAM-OPENSSL-CVE-2023-0466,2023,2023-03-21,Fix documentation of X509_VERIFY_PARAM_add0_policy(),contrib,openssl,lib,Yes,CVE-2023-0466,,,,,,,2,https://github.com/openssl/openssl/commit/5ab3f71a33cb,upstream_commit,crypto/openssl,,
UPSTREAM-OPENSSL-CVE-2023-0465,2023,2023-03-23,Updated CHANGES.md and NEWS.md for CVE-2023-0465,contrib,openssl,lib,Yes,CVE-2023-0465,,,,,,,2,https://github.com/openssl/openssl/commit/986f9a674d49,upstream_commit,crypto/openssl,,
UPSTREAM-OPENSSL-CVE-2023-0464,2023,2023-03-23,Updated CHANGES.md and NEWS.md for CVE-2023-0465,contrib,openssl,lib,Yes,CVE-2023-0464,,,,,,,2,https://github.com/openssl/openssl/commit/986f9a674d49,upstream_commit,crypto/openssl,,
UPSTREAM-OPENSSL-CVE-2023-0401,2023,2023-01-18,pk7_doit.c: Check return of BIO_set_md() calls,contrib,openssl,lib,Yes,CVE-2023-0401,,,,,,,2,https://github.com/openssl/openssl/commit/6eebe6c02381,upstream_commit,crypto/openssl,,
UPSTREAM-OPENSSL-CVE-2023-0216,2023,2023-01-16,Do not dereference PKCS7 object data if not set,contrib,openssl,lib,Yes,CVE-2023-0216,,,,,,,2,https://github.com/openssl/openssl/commit/80253dbdc92b,upstream_commit,crypto/openssl,,
UPSTREAM-OPENSSL-CVE-2020-25659,2022,2022-03-15,rsa: add implicit rejection in PKCS#1 v1.5,contrib,openssl,lib,Yes,CVE-2020-25659,,,,,,,2,https://github.com/openssl/openssl/commit/7fc67e0a3310,upstream_commit,crypto/openssl,,
UPSTREAM-OPENSSL-CVE-2020-25657,2022,2022-03-15,rsa: add implicit rejection in PKCS#1 v1.5,contrib,openssl,lib,Yes,CVE-2020-25657,,,,,,,2,https://github.com/openssl/openssl/commit/7fc67e0a3310,upstream_commit,crypto/openssl,,
UPSTREAM-OPENSSL-CVE-2022-3996,2022,2022-11-10,x509: fix double locking problem,contrib,openssl,lib,Yes,CVE-2022-3996,,,,,,,2,https://github.com/openssl/openssl/commit/4d0340a6d2f3,upstream_commit,crypto/openssl,,
UPSTREAM-OPENSSL-CVE-2022-3602,2022,2022-10-26,punycode: add unit tests,contrib,openssl,lib,Yes,CVE-2022-3602,,,,,,,2,https://github.com/openssl/openssl/commit/a0af4a3c8b18,upstream_commit,crypto/openssl,,
UPSTREAM-OPENSSL-CVE-2022-3786,2022,2022-10-26,Fix CVE-2022-3786 in punycode decoder.,contrib,openssl,lib,Yes,CVE-2022-3786,,,,,,,2,https://github.com/openssl/openssl/commit/680e65b94c91,upstream_commit,crypto/openssl,,
UPSTREAM-OPENSSL-CVE-2022-3358,2022,2022-08-10,Fix usage of custom EVP_CIPHER objects,contrib,openssl,lib,Yes,CVE-2022-3358,,,,,,,2,https://github.com/openssl/openssl/commit/25d47cccf203,upstream_commit,crypto/openssl,,
UPSTREAM-OPENSSL-CVE-2022-2097,2022,2022-06-16,Fix AES OCB encrypt/decrypt for x86 AES-NI,contrib,openssl,lib,Yes,CVE-2022-2097,,,,,,,2,https://github.com/openssl/openssl/commit/6ebf6d51596f,upstream_commit,crypto/openssl,,
UPSTREAM-OPENSSL-CVE-2022-2068,2022,2022-05-29,Fix file operations in c_rehash.,contrib,openssl,lib,Yes,CVE-2022-2068,,,,,,,2,https://github.com/openssl/openssl/commit/ce60b13707ad,upstream_commit,crypto/openssl,,
UPSTREAM-OPENSSL-CVE-2022-29242,2022,2022-05-22,Use safe pattern for buffer size determining in case of GOST key exchange,contrib,openssl,lib,Yes,CVE-2022-29242,,,,,,,2,https://github.com/openssl/openssl/commit/2b5e89992e3a,upstream_commit,crypto/openssl,,
UPSTREAM-OPENSSL-CVE-2022-1292,2022,2022-04-26,c_rehash: Do not use shell to invoke openssl,contrib,openssl,lib,Yes,CVE-2022-1292,,,,,,,2,https://github.com/openssl/openssl/commit/7c33270707b5,upstream_commit,crypto/openssl,,
UPSTREAM-OPENSSL-CVE-2022-1434,2022,2022-04-15,Fix the RC4-MD5 cipher,contrib,openssl,lib,Yes,CVE-2022-1434,,,,,,,2,https://github.com/openssl/openssl/commit/33219939c782,upstream_commit,crypto/openssl,,
UPSTREAM-OPENSSL-CVE-2022-1343,2022,2022-04-13,Fix OCSP_basic_verify signer certificate validation,contrib,openssl,lib,Yes,CVE-2022-1343,,,,,,,2,https://github.com/openssl/openssl/commit/21f89f542d74,upstream_commit,crypto/openssl,,
UPSTREAM-OPENSSL-CVE-2021-4044,2021,2021-12-03,Add a test case for the name constraints bug,contrib,openssl,lib,Yes,CVE-2021-4044,,,,,,,2,https://github.com/openssl/openssl/commit/0fcf2351ecff,upstream_commit,crypto/openssl,,
UPSTREAM-OPENSSL-CVE-2021-23839,2021,2021-01-22,Fix the RSA_SSLV23_PADDING padding type,contrib,openssl,lib,Yes,CVE-2021-23839,,,aa906e2a4957,,https://github.com/freebsd/freebsd-src/commit/aa906e2a4957,,3,https://github.com/openssl/openssl/commit/d9461cbe87b9,upstream_commit,crypto/openssl,,medium
UPSTREAM-OPENSSL-CVE-2019-1549,2019,2019-05-27,drbg: ensure fork-safety without using a pthread_atfork handler,contrib,openssl,lib,Yes,CVE-2019-1549,,,610a21fd82f7,,https://github.com/freebsd/freebsd-src/commit/610a21fd82f7,,3,https://github.com/openssl/openssl/commit/849529257c99,upstream_commit,crypto/openssl,,large_concentrated
UPSTREAM-OPENSSL-CVE-2019-1547,2019,2019-09-07,[ec] Match built-in curves on EC_GROUP_new_from_ecparameters,contrib,openssl,lib,Yes,CVE-2019-1547,,,da327cd22e88,,https://github.com/freebsd/freebsd-src/commit/da327cd22e88,,3,https://github.com/openssl/openssl/commit/bacaa618c264,upstream_commit,crypto/openssl,,large_concentrated
UPSTREAM-OPENSSL-CVE-2019-1543,2019,2019-03-05,Prevent over long nonces in ChaCha20-Poly1305,contrib,openssl,lib,Yes,CVE-2019-1543,,,610a21fd82f7,,https://github.com/freebsd/freebsd-src/commit/610a21fd82f7,,3,https://github.com/openssl/openssl/commit/2a3d0ee9d591,upstream_commit,crypto/openssl,,large_concentrated
UPSTREAM-OPENSSL-CVE-2019-1559,2019,2019-02-20,Clarify that SSL_shutdown() must not be called after a fatal error,contrib,openssl,lib,Yes,CVE-2019-1559,,,6935a639f0f9,,https://github.com/freebsd/freebsd-src/commit/6935a639f0f9,,3,https://github.com/openssl/openssl/commit/f4800345d95d,upstream_commit,crypto/openssl,,large_concentrated
UPSTREAM-OPENSSL-CVE-2018-0735,2018,2018-10-26,Timing vulnerability in ECDSA signature generation (CVE-2018-0735),contrib,openssl,lib,Yes,CVE-2018-0735,,,c9cf7b5cb169,,https://github.com/freebsd/freebsd-src/commit/c9cf7b5cb169,,3,https://github.com/openssl/openssl/commit/99540ec79491,upstream_commit,crypto/openssl,,large_concentrated
UPSTREAM-OPENSSL-CVE-2018-0734,2018,2018-10-23,Timing vulnerability in DSA signature generation (CVE-2018-0734).,contrib,openssl,lib,Yes,CVE-2018-0734,,,f07f1918ad5e,,https://github.com/freebsd/freebsd-src/commit/f07f1918ad5e,,3,https://github.com/openssl/openssl/commit/a9cfb8c2aa72,upstream_commit,crypto/openssl,,focused
UPSTREAM-OPENSSL-CVE-2018-0732,2018,2018-06-11,Reject excessively large primes in DH key generation.,contrib,openssl,lib,Yes,CVE-2018-0732,,,dea77ea6fc17,,https://github.com/freebsd/freebsd-src/commit/dea77ea6fc17,,3,https://github.com/openssl/openssl/commit/91f7361f47b0,upstream_commit,crypto/openssl,,large_concentrated
UPSTREAM-OPENSSL-CVE-2018-0737,2018,2018-04-12,RSA key generation: ensure BN_mod_inverse and BN_mod_exp_mont both get called wi,contrib,openssl,lib,Yes,CVE-2018-0737,,,dea77ea6fc17,,https://github.com/freebsd/freebsd-src/commit/dea77ea6fc17,,3,https://github.com/openssl/openssl/commit/54f007af94b8,upstream_commit,crypto/openssl,,large_concentrated
UPSTREAM-OPENSSL-CVE-2018-0733,2018,2018-03-21,pariscid.pl: fix nasty typo in CRYPTO_memcmp.,contrib,openssl,lib,Yes,CVE-2018-0733,,,dee36b4f92f2,,https://github.com/freebsd/freebsd-src/commit/dee36b4f92f2,,3,https://github.com/openssl/openssl/commit/0b020b148821,upstream_commit,crypto/openssl,,large_concentrated
UPSTREAM-OPENSSL-CVE-2018-0739,2018,2018-03-22,Limit ASN.1 constructed types recursive definition depth,contrib,openssl,lib,Yes,CVE-2018-0739,,,dee36b4f92f2,,https://github.com/freebsd/freebsd-src/commit/dee36b4f92f2,,3,https://github.com/openssl/openssl/commit/4cabbb9f485b,upstream_commit,crypto/openssl,,large_concentrated
UPSTREAM-OPENSSL-CVE-2017-3733,2017,2017-05-19,Add a macro for testing assertion in both debug and production builds,contrib,openssl,lib,Yes,CVE-2017-3733,,,ed7112f094e2,,https://github.com/freebsd/freebsd-src/commit/ed7112f094e2,,3,https://github.com/openssl/openssl/commit/98d132cf6a87,upstream_commit,crypto/openssl,,large_concentrated
UPSTREAM-OPENSSL-CVE-2011-4577,2017,2017-05-19,Add a macro for testing assertion in both debug and production builds,contrib,openssl,lib,Yes,CVE-2011-4577,,,ed7112f094e2,,https://github.com/freebsd/freebsd-src/commit/ed7112f094e2,,3,https://github.com/openssl/openssl/commit/98d132cf6a87,upstream_commit,crypto/openssl,,large_concentrated
UPSTREAM-OPENSSL-CVE-2002-1568,2017,2017-05-19,Add a macro for testing assertion in both debug and production builds,contrib,openssl,lib,Yes,CVE-2002-1568,,,ed7112f094e2,,https://github.com/freebsd/freebsd-src/commit/ed7112f094e2,,3,https://github.com/openssl/openssl/commit/98d132cf6a87,upstream_commit,crypto/openssl,,large_concentrated
UPSTREAM-OPENSSL-CVE-2016-7053,2016,2016-11-10,Fix no-cms (CVE-2016-7053),contrib,openssl,lib,Yes,CVE-2016-7053,,,6cf8931a2f9f,,https://github.com/freebsd/freebsd-src/commit/6cf8931a2f9f,,3,https://github.com/openssl/openssl/commit/9d7ce8d42b80,upstream_commit,crypto/openssl,,large_concentrated
UPSTREAM-OPENSSL-CVE-2016-7054,2016,2016-11-04,chacha20/poly1305: make sure to clear the buffer at correct position,contrib,openssl,lib,Yes,CVE-2016-7054,,,6cf8931a2f9f,,https://github.com/freebsd/freebsd-src/commit/6cf8931a2f9f,,3,https://github.com/openssl/openssl/commit/bf52165bda53,upstream_commit,crypto/openssl,,large_concentrated
UPSTREAM-OPENSSL-CVE-2016-6309,2016,2016-09-25,Add to fuzz corpora for CVE-2016-6309,contrib,openssl,lib,Yes,CVE-2016-6309,,,f1fe58d376da,,https://github.com/freebsd/freebsd-src/commit/f1fe58d376da,,3,https://github.com/openssl/openssl/commit/44f206aa9dfd,upstream_commit,crypto/openssl,,focused
UPSTREAM-OPENSSL-CVE-2016-6305,2016,2016-09-10,Fix a hang with SSL_peek(),contrib,openssl,lib,Yes,CVE-2016-6305,,,aeb5019c481d,,https://github.com/freebsd/freebsd-src/commit/aeb5019c481d,,3,https://github.com/openssl/openssl/commit/b8d243956296,upstream_commit,crypto/openssl,,large_concentrated
UPSTREAM-OPENSSL-CVE-2016-6307,2016,2016-09-19,Excessive allocation of memory in dtls1_preprocess_fragment(),contrib,openssl,lib,Yes,CVE-2016-6307,,,aeb5019c481d,,https://github.com/freebsd/freebsd-src/commit/aeb5019c481d,,3,https://github.com/openssl/openssl/commit/48c054fec350,upstream_commit,crypto/openssl,,large_concentrated
UPSTREAM-OPENSSL-CVE-2016-6308,2016,2016-09-19,Excessive allocation of memory in dtls1_preprocess_fragment(),contrib,openssl,lib,Yes,CVE-2016-6308,,,aeb5019c481d,,https://github.com/freebsd/freebsd-src/commit/aeb5019c481d,,3,https://github.com/openssl/openssl/commit/48c054fec350,upstream_commit,crypto/openssl,,large_concentrated
UPSTREAM-OPENSSL-CVE-2016-2018,2016,2016-04-23,Add test for CVE-2016-2018,contrib,openssl,lib,Yes,CVE-2016-2018,,,b8721c16431d,,https://github.com/freebsd/freebsd-src/commit/b8721c16431d,,3,https://github.com/openssl/openssl/commit/106cb9505746,upstream_commit,crypto/openssl,,large_concentrated
UPSTREAM-OPENSSL-CVE-2016-2108,2016,2016-04-15,Fix ASN1_INTEGER handling.,contrib,openssl,lib,Yes,CVE-2016-2108,,,b8721c16431d,,https://github.com/freebsd/freebsd-src/commit/b8721c16431d,,3,https://github.com/openssl/openssl/commit/d7ab691bc479,upstream_commit,crypto/openssl,,large_concentrated
UPSTREAM-OPENSSL-CVE-2015-3193,2015,2015-12-01,bn/asm/x86_64-mont5.pl: fix carry propagating bug (CVE-2015-3193).,contrib,openssl,lib,Yes,CVE-2015-3193,,,80815a778ec9,,https://github.com/freebsd/freebsd-src/commit/80815a778ec9,,3,https://github.com/openssl/openssl/commit/29851264f11c,upstream_commit,crypto/openssl,,large_concentrated
UPSTREAM-OPENSSL-CVE-2014-0224,2015,2015-05-11,Move TLS CCS processing into the state machine,contrib,openssl,lib,Yes,CVE-2014-0224,,,4a448cff073e,,https://github.com/freebsd/freebsd-src/commit/4a448cff073e,,3,https://github.com/openssl/openssl/commit/657da85eea3a,upstream_commit,crypto/openssl,,focused
UPSTREAM-OPENSSL-CVE-2015-1787,2015,2015-03-10,Fix DHE Null CKE vulnerability,contrib,openssl,lib,Yes,CVE-2015-1787,,,6f9291cea8b0,,https://github.com/freebsd/freebsd-src/commit/6f9291cea8b0,,3,https://github.com/openssl/openssl/commit/d3cc5e610d17,upstream_commit,crypto/openssl,,large_concentrated
UPSTREAM-OPENSSL-CVE-2015-0291,2015,2015-03-03,Fix for CVE-2015-0291,contrib,openssl,lib,Yes,CVE-2015-0291,,,6f9291cea8b0,,https://github.com/freebsd/freebsd-src/commit/6f9291cea8b0,,3,https://github.com/openssl/openssl/commit/34e3edbf3a10,upstream_commit,crypto/openssl,,large_concentrated
UPSTREAM-OPENSSL-CVE-2015-0208,2015,2015-03-09,Reject invalid PSS parameters.,contrib,openssl,lib,Yes,CVE-2015-0208,,,6f9291cea8b0,,https://github.com/freebsd/freebsd-src/commit/6f9291cea8b0,,3,https://github.com/openssl/openssl/commit/09f06923e636,upstream_commit,crypto/openssl,,large_concentrated
UPSTREAM-OPENSSL-CVE-2015-0207,2015,2015-03-09,Fix Seg fault in DTLSv1_listen,contrib,openssl,lib,Yes,CVE-2015-0207,,,6f9291cea8b0,,https://github.com/freebsd/freebsd-src/commit/6f9291cea8b0,,3,https://github.com/openssl/openssl/commit/e83ee04bb7de,upstream_commit,crypto/openssl,,large_concentrated
UPSTREAM-OPENSSL-CVE-2015-0290,2015,2015-03-02,Multiblock corrupted pointer fix,contrib,openssl,lib,Yes,CVE-2015-0290,,,6f9291cea8b0,,https://github.com/freebsd/freebsd-src/commit/6f9291cea8b0,,3,https://github.com/openssl/openssl/commit/1d2a18dc5a3b,upstream_commit,crypto/openssl,,large_concentrated
UPSTREAM-OPENSSL-CVE-2015-0285,2015,2015-02-26,Prevent handshake with unseeded PRNG,contrib,openssl,lib,Yes,CVE-2015-0285,,,6f9291cea8b0,,https://github.com/freebsd/freebsd-src/commit/6f9291cea8b0,,3,https://github.com/openssl/openssl/commit/e1b568dd2462,upstream_commit,crypto/openssl,,large_concentrated
UPSTREAM-LIBARCHIVE-CVE-2025-25724,2025,2025-09-10,Merge pull request #2710 from meecash/CVE-2025-25724-check_strftime_result,contrib,libarchive,lib,Yes,CVE-2025-25724,,,401026e4825a,,https://github.com/freebsd/freebsd-src/commit/401026e4825a,,3,https://github.com/libarchive/libarchive/commit/6bd863f61281,upstream_commit,lib/libarchive,,large_concentrated
UPSTREAM-LIBARCHIVE-CVE-2025-1632,2025,2025-03-10,fix CVE-2025-1632 and CVE-2025-25724 (#2532),contrib,libarchive,lib,Yes,CVE-2025-1632,,,2e113ef82465,,https://github.com/freebsd/freebsd-src/commit/2e113ef82465,,3,https://github.com/libarchive/libarchive/commit/c9bc934e7e91,upstream_commit,lib/libarchive,,large_concentrated
UPSTREAM-LIBARCHIVE-CVE-2024-26256,2024,2024-08-14,Fix CVE-2024-26256 (#2269),contrib,libarchive,lib,Yes,CVE-2024-26256,,,bd66c1b43e33,,https://github.com/freebsd/freebsd-src/commit/bd66c1b43e33,,3,https://github.com/libarchive/libarchive/commit/b7b0c7c43795,upstream_commit,lib/libarchive,,large_concentrated
UPSTREAM-LIBARCHIVE-CVE-2024-20696,2024,2024-05-09,rar4 reader: protect copy_from_lzss_window_to_unp() (#2172),contrib,libarchive,lib,Yes,CVE-2024-20696,,,bd66c1b43e33,,https://github.com/freebsd/freebsd-src/commit/bd66c1b43e33,,3,https://github.com/libarchive/libarchive/commit/eac15e252010,upstream_commit,lib/libarchive,,large_concentrated
UPSTREAM-LIBARCHIVE-CVE-2017-14501,2018,2018-08-05,Merge pull request #1042 from jstarks:iso9660_cve,contrib,libarchive,lib,Yes,CVE-2017-14501,,,b1c91e4b6cb7,,https://github.com/freebsd/freebsd-src/commit/b1c91e4b6cb7,,3,https://github.com/libarchive/libarchive/commit/13e87dcd9c37,upstream_commit,lib/libarchive,,focused
UPSTREAM-LIBARCHIVE-CVE-2016-1541,2016,2016-04-30,Merge branch 'vu862384',contrib,libarchive,lib,Yes,CVE-2016-1541,,,,,,,2,https://github.com/libarchive/libarchive/commit/2b7c2800b5cc,upstream_commit,lib/libarchive,hash 430f7286a566 是 test 基础设施 merge commit，与 CVE 无关，已清除,
UPSTREAM-LIBEXPAT-CVE-2026-50219,2026,2026-06-04,Merge pull request #1246 from libexpat/introduce-flag-inside-handler,contrib,expat,lib,Yes,CVE-2026-50219,,,,,,,2,https://github.com/libexpat/libexpat/commit/3fd4d1c19c30,upstream_commit,lib/libexpat,,
UPSTREAM-LIBEXPAT-CVE-2026-45186,2026,2026-05-10,Merge pull request #1216 from libexpat/attribute-collision-check-dos,contrib,expat,lib,Yes,CVE-2026-45186,,,9cc9b8b37284,,https://github.com/freebsd/freebsd-src/commit/9cc9b8b37284,,3,https://github.com/libexpat/libexpat/commit/9bdfbc77e335,upstream_commit,lib/libexpat,,focused
UPSTREAM-LIBEXPAT-CVE-2026-41080,2026,2026-04-20,Merge pull request #1183 from libexpat/issue-47-improve-protection-against-hash-,contrib,expat,lib,Yes,CVE-2026-41080,,,e3935639d8d8,,https://github.com/freebsd/freebsd-src/commit/e3935639d8d8,,3,https://github.com/libexpat/libexpat/commit/ed80eaea0ce7,upstream_commit,lib/libexpat,,medium
UPSTREAM-LIBEXPAT-CVE-2026-32778,2026,2026-03-16,Merge pull request #1163 from Laserbear/fix/setContext-zombie,contrib,expat,lib,Yes,CVE-2026-32778,,,ae04c7bbf065,,https://github.com/freebsd/freebsd-src/commit/ae04c7bbf065,,3,https://github.com/libexpat/libexpat/commit/6154446fccef,upstream_commit,lib/libexpat,,medium
UPSTREAM-LIBEXPAT-CVE-2026-32777,2026,2026-03-16,Merge pull request #1162 from libexpat/clusterfuzz-fix-infinite-loop,contrib,expat,lib,Yes,CVE-2026-32777,,,ae04c7bbf065,,https://github.com/freebsd/freebsd-src/commit/ae04c7bbf065,,3,https://github.com/libexpat/libexpat/commit/6a814cae2ccc,upstream_commit,lib/libexpat,,medium
UPSTREAM-LIBEXPAT-CVE-2026-32776,2026,2026-03-16,Merge pull request #1158 from trail-of-forks/master,contrib,expat,lib,Yes,CVE-2026-32776,,,ae04c7bbf065,,https://github.com/freebsd/freebsd-src/commit/ae04c7bbf065,,3,https://github.com/libexpat/libexpat/commit/635db9e12f25,upstream_commit,lib/libexpat,,medium
UPSTREAM-LIBEXPAT-CVE-2026-24515,2026,2026-01-23,Merge pull request #1131 from libexpat/artiphishell-1,contrib,expat,lib,Yes,CVE-2026-24515,,,ae04c7bbf065,,https://github.com/freebsd/freebsd-src/commit/ae04c7bbf065,,3,https://github.com/libexpat/libexpat/commit/f14b08452fd7,upstream_commit,lib/libexpat,,medium
UPSTREAM-LIBEXPAT-CVE-2025-59375,2025,2025-09-15,Merge pull request #1034 from libexpat/limit-malloc,contrib,expat,lib,Yes,CVE-2025-59375,,,,,,,2,https://github.com/libexpat/libexpat/commit/ac7a27e1f034,upstream_commit,lib/libexpat,,
UPSTREAM-LIBEXPAT-CVE-2024-8176,2025,2025-03-13,Merge pull request #973 from berkayurun/issue-893-fix-cve-2024-8176,contrib,expat,lib,Yes,CVE-2024-8176,,,,,,,2,https://github.com/libexpat/libexpat/commit/99529768b4a7,upstream_commit,lib/libexpat,,
UPSTREAM-LIBEXPAT-CVE-2024-50602,2024,2024-10-28,Merge pull request #915 from libexpat/stop-resumeparser-from-crashing,contrib,expat,lib,Yes,CVE-2024-50602,,,908f215e80fa,,https://github.com/freebsd/freebsd-src/commit/908f215e80fa,,3,https://github.com/libexpat/libexpat/commit/ef485e96a609,upstream_commit,lib/libexpat,,focused
UPSTREAM-LIBEXPAT-CVE-2024-45492,2024,2024-09-03,Merge pull request #892 from libexpat/taiyou-nextscaffoldpart-overflow,contrib,expat,lib,Yes,CVE-2024-45492,,,c284f45dc796,,https://github.com/freebsd/freebsd-src/commit/c284f45dc796,,3,https://github.com/libexpat/libexpat/commit/29ef43a0bab6,upstream_commit,lib/libexpat,,focused
UPSTREAM-LIBEXPAT-CVE-2024-45491,2024,2024-09-03,Merge pull request #891 from libexpat/taiyou-dtdcopy-malloc-overflow,contrib,expat,lib,Yes,CVE-2024-45491,,,c284f45dc796,,https://github.com/freebsd/freebsd-src/commit/c284f45dc796,,3,https://github.com/libexpat/libexpat/commit/b8a7dca46709,upstream_commit,lib/libexpat,,focused
UPSTREAM-LIBEXPAT-CVE-2024-45490,2024,2024-09-03,Merge pull request #890 from libexpat/taiyou-xml-parsebuffer-len,contrib,expat,lib,Yes,CVE-2024-45490,,,c284f45dc796,,https://github.com/freebsd/freebsd-src/commit/c284f45dc796,,3,https://github.com/libexpat/libexpat/commit/e5d6bf015ee5,upstream_commit,lib/libexpat,,focused
UPSTREAM-LIBEXPAT-CVE-2022-43680,2022,2022-10-25,Changes: Add note on impact of CVE-2022-43680,contrib,expat,lib,Yes,CVE-2022-43680,,,dc58b3fca5e7,,https://github.com/freebsd/freebsd-src/commit/dc58b3fca5e7,,3,https://github.com/libexpat/libexpat/commit/fe8ff0345f88,upstream_commit,lib/libexpat,,focused
UPSTREAM-LIBEXPAT-CVE-2022-40674,2022,2022-09-14,Merge pull request #640 from libexpat/issue-629-heap-use-after-free,contrib,expat,lib,Yes,CVE-2022-40674,,,71f0c44a0454,,https://github.com/freebsd/freebsd-src/commit/71f0c44a0454,,3,https://github.com/libexpat/libexpat/commit/a976e32abd25,upstream_commit,lib/libexpat,,medium
UPSTREAM-LIBEXPAT-CVE-2022-25236,2022,2022-03-04,Merge pull request #577 from libexpat/namesep,contrib,expat,lib,Yes,CVE-2022-25236,,,71f0c44a0454,,https://github.com/freebsd/freebsd-src/commit/71f0c44a0454,,3,https://github.com/libexpat/libexpat/commit/f178826bb1e9,upstream_commit,lib/libexpat,,medium
UPSTREAM-LIBEXPAT-CVE-2022-25313,2022,2022-02-20,Changes: Document regression from CVE-2022-25313 fix,contrib,expat,lib,Yes,CVE-2022-25313,,,71f0c44a0454,,https://github.com/freebsd/freebsd-src/commit/71f0c44a0454,,3,https://github.com/libexpat/libexpat/commit/2722201a5baf,upstream_commit,lib/libexpat,,medium
UPSTREAM-LIBEXPAT-CVE-2022-25235,2022,2022-02-18,Merge pull request #562 from libexpat/utf8-security,contrib,expat,lib,Yes,CVE-2022-25235,,,71f0c44a0454,,https://github.com/freebsd/freebsd-src/commit/71f0c44a0454,,3,https://github.com/libexpat/libexpat/commit/306b72134f15,upstream_commit,lib/libexpat,,medium
UPSTREAM-LIBEXPAT-CVE-2022-25314,2022,2022-02-18,Merge pull request #560 from ferivoz/copy,contrib,expat,lib,Yes,CVE-2022-25314,,,71f0c44a0454,,https://github.com/freebsd/freebsd-src/commit/71f0c44a0454,,3,https://github.com/libexpat/libexpat/commit/d477fdd28446,upstream_commit,lib/libexpat,,medium
UPSTREAM-LIBEXPAT-CVE-2022-25315,2022,2022-02-18,Merge pull request #559 from ferivoz/rawnames,contrib,expat,lib,Yes,CVE-2022-25315,,,71f0c44a0454,,https://github.com/freebsd/freebsd-src/commit/71f0c44a0454,,3,https://github.com/libexpat/libexpat/commit/89214940efd1,upstream_commit,lib/libexpat,,medium
UPSTREAM-LIBEXPAT-CVE-2022-23990,2022,2022-01-26,Merge pull request #551 from libexpat/prevent-doprolog-overflow,contrib,expat,lib,Yes,CVE-2022-23990,,,71f0c44a0454,,https://github.com/freebsd/freebsd-src/commit/71f0c44a0454,,3,https://github.com/libexpat/libexpat/commit/5c168279c5ad,upstream_commit,lib/libexpat,,medium
UPSTREAM-LIBEXPAT-CVE-2022-23852,2022,2022-01-24,Merge pull request #550 from libexpat/prevent-getbuffer-overflow,contrib,expat,lib,Yes,CVE-2022-23852,,,71f0c44a0454,,https://github.com/freebsd/freebsd-src/commit/71f0c44a0454,,3,https://github.com/libexpat/libexpat/commit/178d26f50af2,upstream_commit,lib/libexpat,,medium
UPSTREAM-LIBEXPAT-CVE-2022-22822,2022,2022-01-13,Merge pull request #539 from libexpat/prevent-more-integer-overflows,contrib,expat,lib,Yes,CVE-2022-22822,,,cc68614da823,,https://github.com/freebsd/freebsd-src/commit/cc68614da823,,3,https://github.com/libexpat/libexpat/commit/919a2bec5e12,upstream_commit,lib/libexpat,,large_concentrated
UPSTREAM-LIBEXPAT-CVE-2022-22827,2022,2022-01-13,Merge pull request #539 from libexpat/prevent-more-integer-overflows,contrib,expat,lib,Yes,CVE-2022-22827,,,cc68614da823,,https://github.com/freebsd/freebsd-src/commit/cc68614da823,,3,https://github.com/libexpat/libexpat/commit/919a2bec5e12,upstream_commit,lib/libexpat,,large_concentrated
UPSTREAM-LIBEXPAT-CVE-2022-22823,2021,2021-12-30,lib: Prevent integer overflow at multiple places (CVE-2022-22822 to CVE-2022-228,contrib,expat,lib,Yes,CVE-2022-22823,,,cc68614da823,,https://github.com/freebsd/freebsd-src/commit/cc68614da823,,3,https://github.com/libexpat/libexpat/commit/9f93e8036e84,upstream_commit,lib/libexpat,,large_concentrated
UPSTREAM-LIBEXPAT-CVE-2022-22824,2021,2021-12-30,lib: Prevent integer overflow at multiple places (CVE-2022-22822 to CVE-2022-228,contrib,expat,lib,Yes,CVE-2022-22824,,,cc68614da823,,https://github.com/freebsd/freebsd-src/commit/cc68614da823,,3,https://github.com/libexpat/libexpat/commit/9f93e8036e84,upstream_commit,lib/libexpat,,large_concentrated
UPSTREAM-LIBEXPAT-CVE-2022-22825,2021,2021-12-30,lib: Prevent integer overflow at multiple places (CVE-2022-22822 to CVE-2022-228,contrib,expat,lib,Yes,CVE-2022-22825,,,cc68614da823,,https://github.com/freebsd/freebsd-src/commit/cc68614da823,,3,https://github.com/libexpat/libexpat/commit/9f93e8036e84,upstream_commit,lib/libexpat,,large_concentrated
UPSTREAM-LIBEXPAT-CVE-2022-22826,2021,2021-12-30,lib: Prevent integer overflow at multiple places (CVE-2022-22822 to CVE-2022-228,contrib,expat,lib,Yes,CVE-2022-22826,,,cc68614da823,,https://github.com/freebsd/freebsd-src/commit/cc68614da823,,3,https://github.com/libexpat/libexpat/commit/9f93e8036e84,upstream_commit,lib/libexpat,,large_concentrated
UPSTREAM-LIBEXPAT-CVE-2021-46143,2022,2022-01-10,Merge pull request #538 from libexpat/issue-532-integer-overflow,contrib,expat,lib,Yes,CVE-2021-46143,,,cc68614da823,,https://github.com/freebsd/freebsd-src/commit/cc68614da823,,3,https://github.com/libexpat/libexpat/commit/82c11af9d3da,upstream_commit,lib/libexpat,,large_concentrated
UPSTREAM-LIBEXPAT-CVE-2021-45960,2022,2022-01-07,Merge pull request #534 from libexpat/issue-531-troublesome-shifts,contrib,expat,lib,Yes,CVE-2021-45960,,,cc68614da823,,https://github.com/freebsd/freebsd-src/commit/cc68614da823,,3,https://github.com/libexpat/libexpat/commit/9dc50735f737,upstream_commit,lib/libexpat,,large_concentrated
UPSTREAM-LIBEXPAT-CVE-2013-0340,2021,2021-05-11,Merge pull request #466 from libexpat/protect-against-billion-laughs-attacks,contrib,expat,lib,Yes,CVE-2013-0340,,,cc68614da823,,https://github.com/freebsd/freebsd-src/commit/cc68614da823,,3,https://github.com/libexpat/libexpat/commit/309cd4aa4b47,upstream_commit,lib/libexpat,,large_concentrated
UPSTREAM-LIBEXPAT-CVE-2018-20843,2019,2019-06-24,Changes: Attach CVE-2018-20843 to #186 and #262,contrib,expat,lib,Yes,CVE-2018-20843,,,6b2c1e49da28,,https://github.com/freebsd/freebsd-src/commit/6b2c1e49da28,,3,https://github.com/libexpat/libexpat/commit/9c90d3db3a87,upstream_commit,lib/libexpat,,large_concentrated
UPSTREAM-LIBEXPAT-CVE-2017-11742,2017,2017-07-30,Changes: Mention CVE-2017-11742,contrib,expat,lib,Yes,CVE-2017-11742,,,,,,,2,https://github.com/libexpat/libexpat/commit/9a22ff78795b,upstream_commit,lib/libexpat,,
UPSTREAM-LIBEXPAT-CVE-2017-9233,2017,2017-06-14,Changes: Add CVE-2017-9233 info to change log,contrib,expat,lib,Yes,CVE-2017-9233,,,,,,,2,https://github.com/libexpat/libexpat/commit/01bbdedb665b,upstream_commit,lib/libexpat,,
UPSTREAM-LIBEXPAT-CVE-2016-9063,2017,2017-05-01,Changes: Document CVE-2016-9063,contrib,expat,lib,Yes,CVE-2016-9063,,,,,,,2,https://github.com/libexpat/libexpat/commit/99e2c0d52af1,upstream_commit,lib/libexpat,,
UPSTREAM-LIBEXPAT-CVE-2012-6702,2016,2016-06-04,Mention recently assigned CVEs CVE-2012-6702 and CVE-2016-5300 in plaintext chan,contrib,expat,lib,Yes,CVE-2012-6702,,,,,,,2,https://github.com/libexpat/libexpat/commit/07cc2fcacf81,upstream_commit,lib/libexpat,,
UPSTREAM-LIBEXPAT-CVE-2016-5300,2016,2016-06-04,Mention recently assigned CVEs CVE-2012-6702 and CVE-2016-5300 in plaintext chan,contrib,expat,lib,Yes,CVE-2016-5300,,,,,,,2,https://github.com/libexpat/libexpat/commit/07cc2fcacf81,upstream_commit,lib/libexpat,,
UPSTREAM-OPENSSH-CVE-2024-7594,2025,2025-12-22,"upstream: When certificate support was added to OpenSSH,",contrib,openssh,tool,Yes,CVE-2024-7594,,,,,,,2,https://github.com/openssh/openssh-portable/commit/5166b6cbf2b6,upstream_commit,crypto/openssh,,
UPSTREAM-OPENSSH-CVE-2020-14871,2020,2020-11-11,Prevent excessively long username going to PAM.,contrib,openssh,tool,Yes,CVE-2020-14871,,,9e14b918f956,,https://github.com/freebsd/freebsd-src/commit/9e14b918f956,,3,https://github.com/openssh/openssh-portable/commit/fcf429a4c69d,upstream_commit,crypto/openssh,,focused
UPSTREAM-OPENSSH-CVE-2016-6210,2016,2016-07-15,Determine appropriate salt for invalid users.,contrib,openssh,tool,Yes,CVE-2016-6210,,,56e6c4251c09,,https://github.com/freebsd/freebsd-src/commit/56e6c4251c09,,3,https://github.com/openssh/openssh-portable/commit/9286875a73b2,upstream_commit,crypto/openssh,,focused
UPSTREAM-OPENSSH-CVE-2015-8325,2016,2016-04-13,ignore PAM environment vars when UseLogin=yes,contrib,openssh,tool,Yes,CVE-2015-8325,,,56e6c4251c09,,https://github.com/freebsd/freebsd-src/commit/56e6c4251c09,,3,https://github.com/openssh/openssh-portable/commit/85bdcd7c92fe,upstream_commit,crypto/openssh,,focused
